junction_aa	duplicate_count	v_call	j_call	repertoire_id
CARPVMQQLVQEQSYFDYW	1	IGHV5-51	IGHJ4	rep_67
CASRFPLDIVLVVYAKEGCTDYYYYYMDVW	1	IGHV4-34	IGHJ6	rep_67
CARELRIQLWFFRTTRYFDYW	1	IGHV4-61	IGHJ4	rep_67
CARPAEHKKDGFDYW	1	IGHV5-51	IGHJ4	rep_67
CAHRRIRGIAAAGTTGKPPHNWFDPW	1	IGHV2-5	IGHJ5	rep_67
CARAGWTTVTTLGTSYYYYYYMDVW	1	IGHV1-46	IGHJ6	rep_67
CARDEYITMIVVVKGVDYW	1	IGHV1-18	IGHJ4	rep_67
CAKAPDEGHRRGGFDYW	1	IGHV3-NL1	IGHJ4	rep_67
CAKLGVVVTAPAEYFQHW	1	IGHV3-23	IGHJ1	rep_67
CARAPPPPCIAAAGRDW	1	IGHV4-34	IGHJ4	rep_67
CAKGSAGYCSGGSCFDYW	1	IGHV3-23	IGHJ4	rep_67
CARVPVRGVLRFLEWLNSLGALGGSYYYYYMDVW	1	IGHV3-53	IGHJ6	rep_67
CTSRGYCSSTSCRYYYYMDVW	1	IGHV3-49	IGHJ6	rep_67
CAKEINYDYIWGSYRYTTEYDAFDIW	1	IGHV3-43D	IGHJ3	rep_67
CARGVCYDILTGLNYYYYYYYMDVW	1	IGHV1-3	IGHJ6	rep_67
CARDQANWFDPW	1	IGHV1-69	IGHJ5	rep_67
CGRDYGDYADYW	1	IGHV3-30-3	IGHJ4	rep_67
CARILVRESPNWFDPW	1	IGHV4-38-2	IGHJ5	rep_67
CAKFERLHLGELSLQAFDIW	1	IGHV3-23	IGHJ3	rep_67
CARGGPRGIVVVPAAMYPKKYYYYYYMDVW	1	IGHV4-38-2	IGHJ6	rep_67
CAKDEMVVVVVAATTVDYW	1	IGHV3-NL1	IGHJ4	rep_67
CARDLTRTVAAAGTCLSGVLLQCPFFDYW	1	IGHV4-34	IGHJ4	rep_67
CARSLSTLAAAGAMTYYYYYMDVW	1	IGHV2-26	IGHJ6	rep_67
CARNLLWFRDPCVDYW	1	IGHV1-18	IGHJ4	rep_67
CARGTDIVVVPAAISASERPAPAESVRKCNWFDPW	1	IGHV1-3	IGHJ5	rep_67
CASWVTSTMIVVVMSPSDYW	1	IGHV3-53	IGHJ4	rep_67
CASELGPYGYCSGGSCYGAFDIW	1	IGHV4-59	IGHJ3	rep_67
CARETGEIPDYYDSSGFLWFDPW	1	IGHV4-34	IGHJ5	rep_67
CAKMGNGSGTVITPFDYW	1	IGHV3-23	IGHJ4	rep_67
CARRHCSGGSW	1	IGHV5-51	IGHJ4	rep_67
CANRNPNYGDFSYYYYYMDVW	1	IGHV3-23	IGHJ6	rep_67
CARIPCGYSSGWAGFDYW	1	IGHV2-26	IGHJ4	rep_67
CARKRLPSIVGATKFRDYW	1	IGHV2-70	IGHJ4	rep_67
CARMYRFLEWLLPYFDYW	1	IGHV3-66	IGHJ4	rep_67
CAKVISHPSDYW	1	IGHV3-23	IGHJ4	rep_67
CARELMITFGGVIVRQTDYW	1	IGHV2-70	IGHJ4	rep_67
CARDPITVTTWFDPW	1	IGHV3-11	IGHJ5	rep_67
CAREQQWPSIPRHNWFDPW	1	IGHV1-2	IGHJ5	rep_67
CARDQVYCSSTSCYFNGLDYW	1	IGHV3-53	IGHJ4	rep_67
CARRRWSLGDDYYMDVW	1	IGHV4-39	IGHJ6	rep_67
CARDSICSSTSCWPATVDYW	1	IGHV3-74	IGHJ4	rep_67
CAKDIPYCSSTSCYGAGDYW	1	IGHV3-43D	IGHJ4	rep_67
CAKNKWFWKGTSRNGGVQQLFLVKSPSYYYYMDVW	1	IGHV6-1	IGHJ6	rep_67
CASMGIAACVYYFDYW	1	IGHV3-74	IGHJ4	rep_67
CARGDIVVVPAAIRGLHPDAFDIW	1	IGHV4-34	IGHJ3	rep_67
CARVPNSSPRTVSGRFPDYFDYW	1	IGHV1-2	IGHJ4	rep_67
CARKWLCSGGSCYGHNWFDPW	1	IGHV4-38-2	IGHJ5	rep_67
CARTYTVATIATFDYW	1	IGHV7-4-1	IGHJ4	rep_67
CARAPGSGWIW	1	IGHV4-34	IGHJ4	rep_67
CARVVSFITMIVVVLLAAMSAFDIW	1	IGHV1-2	IGHJ3	rep_67
CARDDYNYFDYW	1	IGHV3-30	IGHJ4	rep_67
CATDRGLMRITMVQGVIIACTGHHYYYMDVW	1	IGHV1-24	IGHJ6	rep_67
CARDRQTFGGVIACFDYW	1	IGHV3-53	IGHJ4	rep_67
CARDQLVITGTLIDW	1	IGHV3-53	IGHJ5	rep_67
CAKDNEYYDYIWGSYRYGKGCFDYW	1	IGHV3-NL1	IGHJ4	rep_67
CTTDVNDYGDYKDDHYYYYYYMDVW	1	IGHV3-15	IGHJ6	rep_67
CASRDPALKVLRYFDWLRSVVRRAGGYPFNYYYYMDVW	1	IGHV3-21	IGHJ6	rep_67
CARDFIKDVLLWFRELLCCELPPNFDYW	1	IGHV3-7	IGHJ4	rep_67
CAGGGSCYCWKRDWFDPW	1	IGHV3-30	IGHJ5	rep_67
CLVVLGLDYW	1	IGHV3-49	IGHJ4	rep_67
CARDGSIYYDSSGYYGRIIPWDAFDIW	1	IGHV3-48	IGHJ3	rep_67
CARDLCPLGEDAAAGFLLTRPDYW	1	IGHV3-53	IGHJ4	rep_67
CAKEAYRELLVDYW	1	IGHV3-23	IGHJ4	rep_67
CARGGSGNIVVVPAAILPPVKPGNFDYW	1	IGHV4-34	IGHJ4	rep_67
CARVSSRRDYYDSSGYPNWFDPW	1	IGHV1-46	IGHJ5	rep_67
CARHCYYDSSGYYSKWDSRGLRPCTVYPDYW	1	IGHV5-10-1	IGHJ4	rep_67
CARRSTSCYLWIGDDYW	1	IGHV2-26	IGHJ4	rep_67
CALPAINGGTLYW	1	IGHV1-2	IGHJ4	rep_67
CAKDQEEYDYIWGNPDYW	1	IGHV3-NL1	IGHJ4	rep_67
CARHPAFCDYW	1	IGHV5-51	IGHJ4	rep_67
CARIFGVGTGVGIYYYYMDVW	1	IGHV5-10-1	IGHJ6	rep_67
CTTDPKYCSGGSCYF	1	IGHV3-15	IGHJ4	rep_67
CARSGSVGPHIVVVVAAIYYYYYYYMDVW	1	IGHV1-45	IGHJ6	rep_67
CAKDISGGVCYRDYFDYW	1	IGHV3-43	IGHJ4	rep_67
CAKVKVITVHSSSSQVRHW	1	IGHV3-23	IGHJ4	rep_67
CARVGLGYCTNGICYW	1	IGHV7-4-1	IGHJ4	rep_67
CARPIGLLYWWCMDHQPFDYW	1	IGHV1-2	IGHJ4	rep_67
CARDLAVPVFEYSSSSFDYW	1	IGHV1-18	IGHJ4	rep_67
CARTYSSSYFDYW	1	IGHV1-2	IGHJ4	rep_67
CAREDIVVVPAAMRQRYYYYMDVW	1	IGHV1-2	IGHJ6	rep_67
CARGGELRCWFDPW	1	IGHV4-59	IGHJ5	rep_67
CARVLSPYITMIVVVITTGSGLRAGGSRVDYW	1	IGHV3-21	IGHJ4	rep_67
CAKDRVDQWLVVYW	1	IGHV3-23	IGHJ4	rep_67
CARDRIYSSGWYGNYYYYMDVW	1	IGHV3-13	IGHJ6	rep_67
CASPSGVSSSIAASDYW	1	IGHV3-74	IGHJ4	rep_67
CAKETKQWLECYW	1	IGHV3-23	IGHJ4	rep_67
CAISSTFDLPPMSHHIWFGLTYWFDPW	1	IGHV3-23	IGHJ5	rep_67
CARGMITMVQGVIISPNLIYGDYW	1	IGHV1-2	IGHJ4	rep_67
CARDCPRVTKYSSSSKVKYRDYW	1	IGHV1-45	IGHJ4	rep_67
CSPSHGFEKVRTEGIAGHLVVVVAARGSAFDIW	1	IGHV3-23	IGHJ3	rep_67
CARGLGIVVPFDYW	1	IGHV4-59	IGHJ4	rep_67
CTSYYGSGSWGLDPW	1	IGHV3-15	IGHJ5	rep_67
CAHNGRGYCSSTSCYLDPVSTPRRRFIHW	1	IGHV2-5	IGHJ5	rep_67
CARDRRVWWCMLLGGDALKEFPSNWFDPW	1	IGHV1-46	IGHJ5	rep_67
CAKDSPTDSIVVVTAKRCLPWFDPW	1	IGHV3-NL1	IGHJ5	rep_67
CAKGIAVADPDLDYW	1	IGHV3-NL1	IGHJ4	rep_67
CARGFRSTSCYSFRGPSYW	1	IGHV3-53	IGHJ4	rep_67
CAHRPESLRPRKRSHNILRQNDAFDIW	1	IGHV2-5	IGHJ3	rep_67
CAHRFGARILYWWCISAVYYYYYYMDVW	1	IGHV2-5	IGHJ6	rep_67
CTTIRTTKIQDYYGSGSYYNVTYW	1	IGHV3-15	IGHJ4	rep_67
CARYCSGGSCYSVKVVDYW	1	IGHV1-18	IGHJ4	rep_73
CARASVVVAATRYYFDYW	1	IGHV3-7	IGHJ4	rep_73
CAKDMWTIFGVVINWFDPW	1	IGHV3-23	IGHJ5	rep_73
CATGLLWFGELFHCDGRPPAPTYFDYW	1	IGHV3-23	IGHJ4	rep_73
CARGITIFGVRFCPPDW	1	IGHV4-34	IGHJ4	rep_73
CAKWWVIQQLVLHIRYYYYYMDVW	1	IGHV3-23	IGHJ6	rep_73
CAPNRSGSYYFDYW	1	IGHV4-39	IGHJ4	rep_73
CARIQVGAGYFDYW	1	IGHV2-70	IGHJ4	rep_73
CAKAQAVAGTGNHGSAFDPW	1	IGHV3-NL1	IGHJ5	rep_73
CARHGRSPHIVATGVGDRLGFDYW	1	IGHV5-51	IGHJ4	rep_73
CARAIVLRFLEWLLDYYYYYYMDVW	1	IGHV1-69	IGHJ6	rep_73
CARGVSGGSCYPVRAGPYYFDYW	1	IGHV4-38-2	IGHJ4	rep_73
CARDRQILIVVVPAAMRAAYW	1	IGHV1-2	IGHJ4	rep_73
CETPPIAAAGTKFDYW	1	IGHV1-3	IGHJ4	rep_73
CAKLRCCSSTSCYAFVVGYYYYYMDVW	1	IGHV3-23	IGHJ6	rep_73
CARTGLRPYYDFWSGYYSLPLYYYMDVW	1	IGHV5-51	IGHJ6	rep_73
CARVPCSSTSCYEPFDYW	1	IGHV1-46	IGHJ4	rep_73
CARVSADFLAAAGIYFDYW	1	IGHV3-13	IGHJ4	rep_73
CALGYYDILTGYYWLFQNYFDYW	1	IGHV1-2	IGHJ4	rep_73
CARHLLLVSYTGAGFDYW	1	IGHV5-51	IGHJ4	rep_73
CARDLVEQCSSTSCYTHLWFDPW	1	IGHV3-21	IGHJ5	rep_73
CARLKHVLRFLEWLLYLIFRYYYYYMDVW	1	IGHV1-46	IGHJ6	rep_73
CARIVVVPAAMRPFIYYYYMDVW	1	IGHV3-30	IGHJ6	rep_73
CTTVLSGNYDSSGYYWPDAFDIW	1	IGHV3-15	IGHJ3	rep_73
CPILRYFDWLLLPEFDYW	1	IGHV4-38-2	IGHJ4	rep_73
CASLPVLYWWCMLCWVGLMGPW	1	IGHV3-30	IGHJ4	rep_73
CARHNFTRRYCTGGVCRYWYFDLW	1	IGHV5-51	IGHJ2	rep_73
CARDVRGRYCTGGVCYVSRFDPW	1	IGHV3-20	IGHJ5	rep_73
CARPFRDIVVVVAAGFDYW	1	IGHV3-53	IGHJ4	rep_73
CARTPRLGYCTNGVCTPFDYW	1	IGHV5-10-1	IGHJ4	rep_73
CARDRAGQQLVPDCFYFQHW	1	IGHV3-21	IGHJ1	rep_73
CARHCYGDYEDWFDPW	1	IGHV5-51	IGHJ5	rep_73
CTTGPVISRGSNFWSGYYGVVDFDYW	1	IGHV3-15	IGHJ4	rep_73
CARHTPRGRGYCSGGSCYSRGPGQHW	1	IGHV1-46	IGHJ1	rep_73
CARVVVVAATEFTILEGW	1	IGHV1-46	IGHJ4	rep_73
CTRPQCTVTTHYYYMDVW	1	IGHV3-49	IGHJ6	rep_73
CAHRHENFGVVTKGYYYYYMDVW	1	IGHV2-5	IGHJ6	rep_73
CARSLLGAQWLVWFDPW	1	IGHV1-8	IGHJ5	rep_73
CARDGTIVVVITVW	1	IGHV3-13	IGHJ4	rep_73
CARPAVAGTHFDYW	1	IGHV7-4-1	IGHJ4	rep_73
CARRSQGGLRYFDWLFLDYW	1	IGHV4-61	IGHJ4	rep_73
CARDSLFVLLWFRPRPDYW	1	IGHV3-20	IGHJ4	rep_73
CTRDGEAGYRYYYYYMDVW	1	IGHV3-49	IGHJ6	rep_73
CARQGSFTGYSSGWVSSSDYW	1	IGHV5-51	IGHJ4	rep_73
CTRRMTTVTTPDYYYYYMDVW	1	IGHV3-73	IGHJ6	rep_73
CARRVTSPHGGSQNFDYW	1	IGHV5-51	IGHJ4	rep_73
CARRKEQWLIDYYFDYW	1	IGHV5-51	IGHJ4	rep_73
CAITVAGLVRFDYW	1	IGHV3-20	IGHJ4	rep_73
CARGDYSNSSQSDYW	1	IGHV3-53	IGHJ4	rep_73
CARVLPKGLQIRRSLELRCTAVDYW	1	IGHV7-4-1	IGHJ4	rep_73
CARKYQLLYLYYYYYMDVW	1	IGHV3-13	IGHJ6	rep_73
CARGAEGNTIFGVGGNLYYYYMDVW	1	IGHV1-3	IGHJ6	rep_73
CASPPGYSSGWYVVPTLLDYW	1	IGHV3-13	IGHJ4	rep_73
CAKDRITMIVVVISGFNWFDPW	1	IGHV3-23	IGHJ5	rep_73
CAPPNRSIAVAGTYW	1	IGHV2-5	IGHJ4	rep_73
CAHRQGGMIVVVITTGPEETGQDWFDPW	1	IGHV2-5	IGHJ5	rep_73
CARDTSSCYIEYW	1	IGHV3-21	IGHJ4	rep_73
CARDRTVSSSGCLGDAYYW	1	IGHV4-59	IGHJ4	rep_73
CARVGSIAVAGTLAFDIW	1	IGHV4-59	IGHJ3	rep_73
CYGSASQRWLLIPAPSIDYW	1	IGHV3-30-3	IGHJ4	rep_73
CAKETLIVVVVAATHIIPNW	1	IGHV3-23	IGHJ4	rep_73
CAKLKYCSSTSCEESPIPDYW	1	IGHV3-23	IGHJ4	rep_73
CARIQMERSDRPRITIFGVVIKGIEPFYYYYYMDVW	1	IGHV2-26	IGHJ6	rep_73
CARELRAIVDGAQGGHAYFDYW	1	IGHV1-18	IGHJ4	rep_73
CARDLRRAPLYTPYW	1	IGHV3-13	IGHJ4	rep_73
CASFIVVVVAQQMPGKFFDYW	1	IGHV5-51	IGHJ4	rep_73
CARDLDLNITIFGVVISVLVSTTDPYYYMDVW	1	IGHV1-18	IGHJ6	rep_73
CAKDIYDSSGYAPVWFDPW	1	IGHV3-43	IGHJ5	rep_73
CARANCSSTSCAYYYYMDVW	1	IGHV3-21	IGHJ6	rep_73
CARVPFEYCSGGSCYEGFDYW	1	IGHV4-4	IGHJ4	rep_73
CARDLVTCITIFGVVILGQRWFDPW	1	IGHV3-20	IGHJ5	rep_73
CARRDILYTVDAFDIW	1	IGHV1-2	IGHJ3	rep_73
CARCDIVVVPAAIDGYYMDVW	1	IGHV7-4-1	IGHJ6	rep_73
CASGYCSGGSCYSFDYW	1	IGHV3-20	IGHJ4	rep_73
CAHRRGSMWCMACPYW	1	IGHV2-5	IGHJ4	rep_73
CTRAMTTVVCPGW	1	IGHV3-9	IGHJ4	rep_73
CARGRFGVVIIGNWFDPW	1	IGHV3-21	IGHJ5	rep_73
CARITFVVVVAAHLDEGRHYYYYMDVW	1	IGHV2-26	IGHJ6	rep_73
CARDELDDYW	1	IGHV1-2	IGHJ4	rep_73
CARAACSGGSCYSRSYW	1	IGHV3-53	IGHJ4	rep_73
CARNEGSLGYCSGGSCYCYYFDYW	1	IGHV2-26	IGHJ4	rep_73
CARDLDITIFGVVIRNW	1	IGHV4-59	IGHJ5	rep_73
CARDLVCALSYSSSWYHYYFDYW	1	IGHV3-13	IGHJ4	rep_73
CARDLRIVVVPDQCFWHLQSQGESYYYYMDVW	1	IGHV3-66	IGHJ6	rep_73
CTPRVLRITMVQGRRDYW	1	IGHV3-49	IGHJ4	rep_73
CAKENLWSGYFHRAGDLRVFDYW	1	IGHV3-NL1	IGHJ4	rep_73
CASNRDIVVVVAATLRDYW	1	IGHV1-46	IGHJ4	rep_73
CARMRGVVADRYYFDYW	1	IGHV1-46	IGHJ4	rep_73
CARTRTGLWGEAYYGSGSYECIFDYW	1	IGHV4-38-2	IGHJ4	rep_73
CARAARSGWRKQQNW	1	IGHV3-20	IGHJ5	rep_73
CAIQQQLTDFDYW	1	IGHV3-7	IGHJ4	rep_73
CAKEDYGNYYYYYMDVW	1	IGHV3-43	IGHJ6	rep_73
CATSSALGELSSNYW	1	IGHV3-23	IGHJ4	rep_73
CTTANHEPVPYDYIWGRYYYYYYMDVW	1	IGHV3-15	IGHJ6	rep_73
CARQISMVQGVIIPRVVTPEIDYW	1	IGHV5-51	IGHJ4	rep_73
CARDLPGRWIQLWPLWFDPW	1	IGHV1-69	IGHJ5	rep_73
CARLDYGDYPFPRFDYW	1	IGHV5-51	IGHJ4	rep_73
CARQGVGFRITMIVVVITICFDYW	1	IGHV5-51	IGHJ4	rep_73
CARHSSAATRGPPWMDVW	1	IGHV1-3	IGHJ6	rep_73
CANLLRGYSGYVLW	1	IGHV3-NL1	IGHJ4	rep_73
CARDRATGAYDFWSGYYTRIDYW	1	IGHV3-21	IGHJ4	rep_98
CGSIYYDILTGYYNLYYFDYW	1	IGHV3-30	IGHJ4	rep_98
CARRYPITMVQGGTLYNWFDPW	1	IGHV2-26	IGHJ5	rep_98
CARDQYWWCMCWFDPW	1	IGHV3-48	IGHJ5	rep_98
CARGRPVTARFHRGTIFGVEEPTYW	1	IGHV1-2	IGHJ4	rep_98
CARGILWFRELLFTPPKGAFDYW	1	IGHV3-53	IGHJ4	rep_98
CARFEPHYYDSSGEDFDYW	1	IGHV1-3	IGHJ4	rep_98
CARDRPHPPRLHLGELSVHRDYW	1	IGHV3-11	IGHJ4	rep_98
CARDNVCYCSSGTGFDPW	1	IGHV3-13	IGHJ5	rep_98
CASPEVAFPYCSSTSCYNPGRLDNWFDPW	1	IGHV3-7	IGHJ5	rep_98
CAKDPTRSVAVAGTYDYW	1	IGHV3-23	IGHJ4	rep_98
CAGDSGYGPLLTGRYYFDYW	1	IGHV3-30-3	IGHJ4	rep_98
CANSYPGIAVAARFDPW	1	IGHV4-59	IGHJ5	rep_98
CARAYPVEGYCSGGSCYSPNDYW	1	IGHV1-18	IGHJ4	rep_98
CIIAVAGAWARNLFDYW	1	IGHV4-59	IGHJ4	rep_98
CAKDHVGVVVPAASRGRRFFLFTLYYYYYMDVW	1	IGHV3-23	IGHJ6	rep_98
CARVLAAPQFDIW	1	IGHV3-20	IGHJ3	rep_98
CARMPIVVVVAATNHYYYMDVW	1	IGHV2-70	IGHJ6	rep_98
CARPKIYCSGGSCLFVDYW	1	IGHV1-69	IGHJ4	rep_98
CARDTNSMHIVVVTAIRSTSSVYYMDVW	1	IGHV3-13	IGHJ6	rep_98
CASAGGPLITIFGVVLPNWFDPW	1	IGHV1-18	IGHJ5	rep_98
CANAGATIFGVVIISRPYFQHW	1	IGHV3-NL1	IGHJ1	rep_98
CALRSCYVVCYYYYMDVW	1	IGHV3-30-3	IGHJ6	rep_98
CARDMEACTIFGVVIIRDYFDYW	1	IGHV4-59	IGHJ4	rep_98
CAKDLWGYSSSWYLVVNAGTGPIYW	1	IGHV3-NL1	IGHJ4	rep_98
CEQLWIGYYYYYYMDVW	1	IGHV5-51	IGHJ6	rep_98
CALGSITIFGVVIIRTLSFW	1	IGHV5-10-1	IGHJ5	rep_98
CARDHVYYDFWSGQGQVDYYYYYMDVW	1	IGHV3-20	IGHJ6	rep_98
CARAIWTSQGSSIAARLTDYW	1	IGHV3-74	IGHJ4	rep_98
CARPVYGSGSYVARHYYYYMDVW	1	IGHV4-38-2	IGHJ6	rep_98
CARDPVSPGGGHPAPLYYYDSSGYWLPKEPYW	1	IGHV3-48	IGHJ4	rep_98
CARAWLYVLVVYASGVPGYYYYYYMDVW	1	IGHV4-38-2	IGHJ6	rep_98
CAKDMGTADMEVRLNPPKSFPPFDYW	1	IGHV3-NL1	IGHJ4	rep_98
CARTVLPTACYDILTGVGYWYFDLW	1	IGHV4-61	IGHJ2	rep_98
CAREVRIQLWFSQTGYYYYYYMDVW	1	IGHV3-11	IGHJ6	rep_98
CARDPNWNDLTRFFYYYYYMDVW	1	IGHV3-20	IGHJ6	rep_98
CARDPPRKCCGIGCPGGATPTIRSSLDYW	1	IGHV6-1	IGHJ4	rep_98
CAKIGIAVAGKDLGGDYW	1	IGHV3-NL1	IGHJ4	rep_98
CATAAELGGYYFDYW	1	IGHV1-24	IGHJ4	rep_98
CAREEKLVVYAAYYYYYMDVW	1	IGHV3-20	IGHJ6	rep_98
CAKAAWERAVAVSYYFDYW	1	IGHV3-23	IGHJ4	rep_98
CARHPQHDYGDYGYWYFDLW	1	IGHV4-39	IGHJ2	rep_98
CARERASQWTMVQGVINYEYYYYYYMDVW	1	IGHV1-46	IGHJ6	rep_98
CARERYYDFCEAYW	1	IGHV1-18	IGHJ4	rep_98
CASWGRYYYGSGSLAAFDIW	1	IGHV3-7	IGHJ3	rep_98
CARGALKDIVVVVAATKHIDYW	1	IGHV3-7	IGHJ4	rep_98
CARGPRYDFWSGYYTDYYYYMDVW	1	IGHV4-59	IGHJ6	rep_98
CARPLNRFGPPSITMIVVVTPYW	1	IGHV3-7	IGHJ4	rep_98
CTSGRGGSCYGVGVTRGYYFDYW	1	IGHV3-49	IGHJ4	rep_98
CARDHYDYIWGSYRRKECYYYYYMDVW	1	IGHV4-59	IGHJ6	rep_98
CAHSAHSGSYYLLGADFDYW	1	IGHV2-5	IGHJ4	rep_98
CARGSNQRVNCSSTSCDAVYW	1	IGHV4-34	IGHJ4	rep_98
CARVKGVSSSCENTSCFDYW	1	IGHV1-2	IGHJ4	rep_98
CAYTHFVNNSAWIPLTTVVTWSYWYFDLW	1	IGHV1-3	IGHJ2	rep_98
CASQSQGSGWYPQGRFDYW	1	IGHV4-4	IGHJ4	rep_98
CARALRNFCTGGVCEVW	1	IGHV3-20	IGHJ5	rep_98
CARSTLYYYYYMDVW	1	IGHV1-69	IGHJ6	rep_98
CAKGGIAVAGTSTASIPRFSSDYW	1	IGHV3-23	IGHJ4	rep_98
CARSIVVVVAATSPLDAFDIW	1	IGHV4-38-2	IGHJ3	rep_98
CARLLEWLLLVRIYW	1	IGHV4-39	IGHJ4	rep_98
CARDRGPLDCSGGSCYVQYYYYYMDVW	1	IGHV1-2	IGHJ6	rep_98
CAYHDFWSGSGCYYYMDVW	1	IGHV1-45	IGHJ6	rep_98
CASLQLVRKSFDYW	1	IGHV4-61	IGHJ4	rep_98
CTRDQVSMDYDAFDIW	1	IGHV3-49	IGHJ3	rep_98
CARDGDIVVVVAATVDYW	1	IGHV3-13	IGHJ4	rep_98
CARPDYSNYVCPGFMDVW	1	IGHV4-39	IGHJ6	rep_98
CAKRQWLGADNIGDYYYMDVW	1	IGHV3-23	IGHJ6	rep_98
CARDSDGSGSYLHAFDIW	1	IGHV1-69	IGHJ3	rep_98
CARLRVNARITMIVVVIGDYW	1	IGHV2-26	IGHJ4	rep_98
CARDPPGRERGGDRPIDYW	1	IGHV3-33	IGHJ4	rep_98
CARPSIGRSGSYYLGVSLTFDYW	1	IGHV5-51	IGHJ4	rep_98
CAKDTVTIIHWFDPW	1	IGHV3-NL1	IGHJ5	rep_98
CAYGRWRGLRQGSTFITMVQGVNGSNSHYYYYMDVW	1	IGHV3-NL1	IGHJ6	rep_98
CARGALVTTNLLSW	1	IGHV3-74	IGHJ3	rep_98
CARAGGALRSRYYYYYMDVW	1	IGHV1-3	IGHJ6	rep_98
CARGDPVVVAAIMEGPYYYMDVW	1	IGHV3-7	IGHJ6	rep_98
CAKDHRNGDYETFNFDYW	1	IGHV3-NL1	IGHJ4	rep_98
CTTDVQQVGGVCRRGARTRYSLGREDNYFDYW	1	IGHV3-15	IGHJ4	rep_98
CATADCTNGVCYGPPVGSEYFQHW	1	IGHV3-23	IGHJ1	rep_98
CARDCLTRNIVVVVAATVYYYYMDVW	1	IGHV3-7	IGHJ6	rep_98
CATTWRWFGELLGGVDYW	1	IGHV1-2	IGHJ4	rep_98
CARERRVQGVIISRGDPW	1	IGHV4-59	IGHJ5	rep_98
CTDRPPYGDKYWYFDLW	1	IGHV3-9	IGHJ2	rep_98
CAKYYYDSSGYKTDYW	1	IGHV3-NL1	IGHJ4	rep_98
CARGPPIAAAGPFMDVW	1	IGHV3-64	IGHJ6	rep_98
CARPRSDYCSGGSCYLGPSGRNWFDPW	1	IGHV3-30	IGHJ5	rep_98
CAKDQTCYWYFDLW	1	IGHV3-NL1	IGHJ2	rep_98
CVLNRFLEWSSYYYYYMDVW	1	IGHV3-15	IGHJ6	rep_98
CARIKPADIVVVVAATLDNWFDPW	1	IGHV1-8	IGHJ5	rep_98
CAKESGIAAAGKYRYFDYW	1	IGHV3-NL1	IGHJ4	rep_98
CTTTHIVVVVAALDYYYMDVW	1	IGHV3-15	IGHJ6	rep_98
CAKDLDSATISQLERADYW	1	IGHV3-NL1	IGHJ4	rep_98
CTRDFNIVVVPAAIYHPYMDVW	1	IGHV3-49	IGHJ6	rep_98
CTRPRTSSSCDYW	1	IGHV3-73	IGHJ4	rep_98
CARDEGPWCSSTSCLPYYYYYMDVW	1	IGHV3-21	IGHJ6	rep_98
CAKYNRLPLYWWCMLFLYFWFDPW	1	IGHV3-NL1	IGHJ5	rep_98
CARSSSGGSCYQTALSRWFDPW	1	IGHV5-51	IGHJ5	rep_98
CASPRITIFGVVIIRKDYYYYMDVW	1	IGHV1-18	IGHJ6	rep_98
CARDPRFLRIVVVPAAWNFW	1	IGHV3-21	IGHJ5	rep_98
CAKPTAAVASQKVEAPRHW	1	IGHV3-NL1	IGHJ4	rep_98
CAKGVTIFGVGAW	1	IGHV3-NL1	IGHJ4	rep_4
CARRVSSTSCYVYYYYMDVW	1	IGHV3-66	IGHJ6	rep_4
CARPTLKSLEWLWLDLTHHYYYYMDVW	1	IGHV5-51	IGHJ6	rep_4
CARDQILILRFLEWLNRSTYW	1	IGHV3-7	IGHJ4	rep_4
CTRLRGYAGTIVVVVAATRRTTLPTDYW	1	IGHV3-73	IGHJ4	rep_4
CTTWRPHTVTTFGGYYYYYMDVW	1	IGHV3-15	IGHJ6	rep_4
CARLNFLKLNYVLRFLEWLLWGWFDPW	1	IGHV1-46	IGHJ5	rep_4
CARDPNQVDIVVVPAAQSKAMDVW	1	IGHV1-3	IGHJ6	rep_4
CASGKRRIAVAGLAPLGARCFDYW	1	IGHV3-13	IGHJ4	rep_4
CARELLLGYCSSTSCSLASTNWFDPW	1	IGHV1-2	IGHJ5	rep_4
CARRWDHGLAAAGLSPADYW	1	IGHV3-21	IGHJ4	rep_4
CAKVNIDYYGSGSYRYFDYW	1	IGHV3-23	IGHJ4	rep_4
CARGSRITIFGVVIIRNPFDYW	1	IGHV3-48	IGHJ4	rep_4
CTRHGLRRDGYITNDGYFQHW	1	IGHV3-73	IGHJ1	rep_4
CARAKKGERSLPYYMDVW	1	IGHV3-74	IGHJ6	rep_4
CARDTISSTSCIRSRVLCPDYW	1	IGHV3-30	IGHJ4	rep_4
CARRGNGCFLEWLSSVPRDNWFDPW	1	IGHV4-39	IGHJ5	rep_4
CTTVRYSSSWYFLRGPRGRSFDYW	1	IGHV3-15	IGHJ4	rep_4
CARHNLYSSSWYTRRLSCYW	1	IGHV5-51	IGHJ4	rep_4
CARDDGSDIVVVPAATGQTSHYYYYYYMDVW	1	IGHV3-74	IGHJ6	rep_4
CARGNHIVVVVAATFEYYYYYMDVW	1	IGHV1-18	IGHJ6	rep_4
CARHYCFSRYCSSTSCYTRTWSLFDYW	1	IGHV5-51	IGHJ4	rep_4
CAKSRWIQLWLLSW	1	IGHV3-NL1	IGHJ4	rep_4
CARLFDCVYW	1	IGHV5-51	IGHJ4	rep_4
CARERLLLWFRELLLVSYYFDYW	1	IGHV3-7	IGHJ4	rep_4
CARDGDPHTVTICCRYW	1	IGHV3-13	IGHJ4	rep_4
CAKDRGLLWFRGVRSWKKPDYYYYYMDVW	1	IGHV3-NL1	IGHJ6	rep_4
CVRRFPRATIRNFDYW	1	IGHV4-59	IGHJ4	rep_4
CARRYPPAFGRTDAFDIW	1	IGHV4-39	IGHJ3	rep_4
CAREVTPGGSLGILCW	1	IGHV2-70	IGHJ5	rep_4
CASPTVGNGIAARRFGLDPW	1	IGHV4-34	IGHJ5	rep_4
CAKIRRRAHWFDPW	1	IGHV7-4-1	IGHJ5	rep_4
CARGHTIFISHYYYYYMDVW	1	IGHV3-74	IGHJ6	rep_4
CARALGGDRLRLKGDYFDYW	1	IGHV3-20	IGHJ4	rep_4
CAKSPLRYCGGDCYSCFDYW	1	IGHV3-NL1	IGHJ4	rep_4
CAKDGGGYTAPEVLYYFDYW	1	IGHV3-23	IGHJ4	rep_4
CARLLQPTVTIGSVYYYYYYYMDVW	1	IGHV7-4-1	IGHJ6	rep_4
CARTELRYFDWWTPHYYYYYYMDVW	1	IGHV4-34	IGHJ6	rep_4
CARDSNCTGGVCYIQARYYYYYYMDVW	1	IGHV6-1	IGHJ6	rep_4
CARVWPASGLDYGGNSYYFDYW	1	IGHV1-3	IGHJ4	rep_4
CAKGPRFLEWLLWAFSHAFDIW	1	IGHV3-23	IGHJ3	rep_4
CGNRDIVVVVAAIYYYYMDVW	1	IGHV3-30-3	IGHJ6	rep_4
CARVVITFGGVIVIGLHSTDYW	1	IGHV3-48	IGHJ4	rep_4
CAEPEYSSSSPTSDDYW	1	IGHV1-69	IGHJ4	rep_4
CAHRPPYSSSWYSW	1	IGHV2-5	IGHJ3	rep_4
CSVGIQLWLEHW	1	IGHV3-73	IGHJ4	rep_4
CARKSTSCYPGIPSCDAFDIW	1	IGHV1-2	IGHJ3	rep_4
CPVWVLGYCSSTSCYVGNMDVW	1	IGHV3-49	IGHJ6	rep_4
CARRGGSLRIIVVVVAATLTLPYNWFDPW	1	IGHV1-69	IGHJ5	rep_4
CTKPGTTRLFDPFYFDYW	1	IGHV3-15	IGHJ4	rep_4
CARGHGIAAAGASPYYFDYW	1	IGHV6-1	IGHJ4	rep_4
CARDTRYCSGVPVRGEYFQHW	1	IGHV1-2	IGHJ1	rep_4
CANKWTPYIRDYW	1	IGHV3-43	IGHJ4	rep_4
CARAFSSSGLGSAW	1	IGHV3-74	IGHJ4	rep_4
CARGKWVMITFGGVIFDYW	1	IGHV4-34	IGHJ4	rep_4
CARDPVTMGASLMCSGSYYNVIGYW	1	IGHV3-21	IGHJ4	rep_4
CARQVPNYYYYMDVW	1	IGHV4-39	IGHJ6	rep_4
CGSMPSYFDYW	1	IGHV3-74	IGHJ4	rep_4
CARVSTTVTTHVDPRLDYW	1	IGHV1-69	IGHJ4	rep_4
CAKDGPPTYDYFDYW	1	IGHV3-NL1	IGHJ4	rep_4
CARANRYFDWLLFRPVDYW	1	IGHV1-46	IGHJ4	rep_4
CARVQGTRYW	1	IGHV4-38-2	IGHJ4	rep_4
CATGAFLEWLLLPNWFDPW	1	IGHV3-20	IGHJ5	rep_4
CTTGNPGGVCTNYYMDVW	1	IGHV3-15	IGHJ6	rep_4
CARATGERDINWFDPW	1	IGHV1-3	IGHJ5	rep_4
CAMNKTTVTTRAFDIW	1	IGHV3-13	IGHJ3	rep_4
CAKDPGYEDIVVVPAAGRLNYYYYYMDVW	1	IGHV3-NL1	IGHJ6	rep_4
CARGQWWPGIAVAGTGW	1	IGHV1-3	IGHJ4	rep_4
CARQEGGNSGGSCYGGGRAFDIW	1	IGHV4-39	IGHJ3	rep_4
CARAGPNCSGGSCYDLWRTPFYYYYYYMDVW	1	IGHV7-4-1	IGHJ6	rep_4
CAKVLAINAYCGGDCYCNPAFDIW	1	IGHV3-23	IGHJ3	rep_4
CARENHQARDIVVVVAATFPFTYYYYMDVW	1	IGHV3-48	IGHJ6	rep_4
CARAARYCSSTSCARPLANATDWFDPW	1	IGHV4-4	IGHJ5	rep_4
CARYCSSTSCYLYYYYYYYMDVW	1	IGHV3-74	IGHJ6	rep_4
CASLYVDTAMTVGMALQAISLASPFPFDYW	1	IGHV4-34	IGHJ4	rep_4
CARVPAEAYYDYIWGSYRYRGQSTRDYW	1	IGHV1-2	IGHJ4	rep_4
CARDSHCSGGSCYWSAPAFDIW	1	IGHV3-53	IGHJ3	rep_4
CGGKQQLVDFGSYW	1	IGHV3-30	IGHJ4	rep_4
CAIQMCDFWSGNREDLSGRGPEYYFDYW	1	IGHV5-10-1	IGHJ4	rep_4
CARWVVAATNSVPGRCSEMADAFDIW	1	IGHV3-30	IGHJ3	rep_4
CARTIREIYW	1	IGHV4-38-2	IGHJ4	rep_4
CARPVIVVVVAATPKNDYW	1	IGHV5-51	IGHJ4	rep_4
CAKDGGGLRDQLLSYFQHW	1	IGHV3-23	IGHJ1	rep_4
CARHLGYCTGGVCDVSMWFDPW	1	IGHV4-39	IGHJ5	rep_4
CARVITFGGGFDYW	1	IGHV3-66	IGHJ4	rep_4
CAREGHWTRHLSHRNPRPGLLRFLEWLFPVDYW	1	IGHV1-3	IGHJ4	rep_4
CARDQDSIAVAGGLIDYW	1	IGHV3-74	IGHJ4	rep_4
CARHGVAVVDIVVVPAANAFFDYW	1	IGHV5-51	IGHJ4	rep_4
CAHRPWGLCRMVSGVNRFKIVLMVYALFDYW	1	IGHV2-5	IGHJ4	rep_4
CARAPPPRGSSWYRLDYW	1	IGHV4-4	IGHJ4	rep_4
CAKDMGDGEKALLRYFDWLLW	1	IGHV3-23	IGHJ4	rep_4
CAAGRGRVQGEGEFLEWLYTYYYYYMDVW	1	IGHV1-58	IGHJ6	rep_4
CITTVVTATWYFDLW	1	IGHV3-30-3	IGHJ2	rep_4
CARVERITMVRGVIITCKPFDYW	1	IGHV3-7	IGHJ4	rep_4
CANRRFLEWITW	1	IGHV6-1	IGHJ4	rep_4
CAKEMEGTPLVVAATPNTEYFQHW	1	IGHV3-NL1	IGHJ1	rep_4
CAPGAVAGREWYNWFDPW	1	IGHV1-69	IGHJ5	rep_4
CARAAWCMIHYFDYW	1	IGHV4-4	IGHJ4	rep_4
CARWHDSSGYYLSYPPYW	1	IGHV4-61	IGHJ4	rep_4
CASVDIVVVPAAMCRYYFDYW	1	IGHV3-11	IGHJ4	rep_4
CARYAVGQGYCTLGVGVYYYYYYMDVW	1	IGHV3-7	IGHJ6	rep_5
CATAVAGTQSPWGYYW	1	IGHV1-46	IGHJ4	rep_5
CARIAGSSSSAGVPNWFDPW	1	IGHV2-26	IGHJ5	rep_5
CAPVTYYDFWSGYYTSRSYMDVW	1	IGHV4-61	IGHJ6	rep_5
CANGSRVSVQGVIILPIYYMDVW	1	IGHV3-23	IGHJ6	rep_5
CAREPTLYCSGGSCYIGEYYYYYYMDVW	1	IGHV1-18	IGHJ6	rep_5
CARDDVLRYFDWLRVNTPHLDYW	1	IGHV3-13	IGHJ4	rep_5
CARGGLEWLSSFDYW	1	IGHV3-48	IGHJ4	rep_5
CARIRLLFTLPTQFMRRGRYCSGVSYYYYYMDVW	1	IGHV2-26	IGHJ6	rep_5
CASRGTQGNLCSGGSCYSVVGGDSPHW	1	IGHV1-46	IGHJ4	rep_5
CARDTGGVYSLGGYNWRRQARGPWDGWFDYW	1	IGHV3-53	IGHJ4	rep_5
CAKFFLYVIRITMIVVVNRFDYW	1	IGHV3-NL1	IGHJ4	rep_5
CAKHRPLLWALVGDYW	1	IGHV3-NL1	IGHJ4	rep_5
CARGAPVLRFLEWLLYRLPPYW	1	IGHV7-4-1	IGHJ4	rep_5
CARACRRSGIVVVISFDYW	1	IGHV5-51	IGHJ4	rep_5
CARGKTRITIFGVVILWENPIDYW	1	IGHV3-13	IGHJ4	rep_5
CAKFLGYCSSTSCVSGDWFDPW	1	IGHV3-23	IGHJ5	rep_5
CARIRRALSSGWLDKRPGYW	1	IGHV2-70	IGHJ4	rep_5
CARGWGFTTAKLHPLLRFDYW	1	IGHV7-4-1	IGHJ4	rep_5
CARTTIFGVVISSEYYYYYYYMDVW	1	IGHV5-10-1	IGHJ6	rep_5
CARDGRIAVAGSRREDYW	1	IGHV1-3	IGHJ4	rep_5
CARDPPSRGITMIVVVISWFDPW	1	IGHV3-13	IGHJ5	rep_5
CARIPSSYDYIWGSYRYESTPGERTSAPW	1	IGHV3-21	IGHJ4	rep_5
CARGVLVVVVAATQVYNWFDPW	1	IGHV4-34	IGHJ5	rep_5
CAKDRNEIYDCGGDCYSGGVYW	1	IGHV3-23	IGHJ4	rep_5
CARPDSITMVRGVIAWACFLTSYYFDYW	1	IGHV4-59	IGHJ4	rep_5
CARILGRYYYGSGSYRGNWFDPW	1	IGHV2-70	IGHJ5	rep_5
CASIAVAGTAPYFDYW	1	IGHV3-7	IGHJ4	rep_5
CARAVGRYYYYYYMDVW	1	IGHV4-34	IGHJ6	rep_5
CAQSPVYAMLVIGYW	1	IGHV3-64	IGHJ4	rep_5
CAALRGSGLTMIVVVITAVYW	1	IGHV3-20	IGHJ4	rep_5
CARWQRGRGLVVAATQYYYYYMDVW	1	IGHV3-11	IGHJ6	rep_5
CAKERVHEPGVVVTGLAHGRYFDYW	1	IGHV3-23	IGHJ4	rep_5
CAPAPLLMPSIDQHW	1	IGHV3-20	IGHJ1	rep_5
CTRHLGRYYYDSSGYYSTLGFQHW	1	IGHV3-73	IGHJ1	rep_5
CARDGTLHNRKGSITIFGVVIAGEGYYFDYW	1	IGHV3-53	IGHJ4	rep_5
CAKDNIAVAGKCHLGSAFDIW	1	IGHV3-23	IGHJ3	rep_5
CARARSTDSSRGVGCDYW	1	IGHV3-21	IGHJ4	rep_5
CARTYEPSMVQGVITMLSDYW	1	IGHV4-59	IGHJ4	rep_5
CARNQFTYSSGWGADYW	1	IGHV2-26	IGHJ4	rep_5
CAHTNYYYGSGSGFDYW	1	IGHV2-5	IGHJ4	rep_5
CAKDAVSYSSGWYRDSHDYW	1	IGHV3-23	IGHJ4	rep_5
CAKRMTTVRGVSFRVSYYYYYYMDVW	1	IGHV3-43D	IGHJ6	rep_5
CARSSSGGFDYW	1	IGHV4-28	IGHJ4	rep_5
CAKGYMSYFDYW	1	IGHV3-23	IGHJ4	rep_5
CARADDMITFGGVIVSSW	1	IGHV3-53	IGHJ5	rep_5
CARDRWWYYDFWSGYYRPGYYFDYW	1	IGHV3-21	IGHJ4	rep_5
CARDMWESGSYYRW	1	IGHV3-72	IGHJ5	rep_5
CAKDRVGWALPCFDYW	1	IGHV3-NL1	IGHJ4	rep_5
CARVVSTVTRVDYW	1	IGHV3-21	IGHJ4	rep_5
CAKDECSGGSCYRYW	1	IGHV3-23	IGHJ4	rep_5
CAKDLLGVGPAYCGGDCYSPDYW	1	IGHV3-NL1	IGHJ4	rep_5
CARDPSIAAAGRGNWFDPW	1	IGHV3-21	IGHJ5	rep_5
CARVQPAFDIW	1	IGHV3-74	IGHJ3	rep_5
CARHGPPFPSHTQCLLRALRYFDWLFIGPTKGHPDGDYW	1	IGHV5-51	IGHJ4	rep_5
CARVSSKTMVQGVILSGPSWFDPW	1	IGHV3-13	IGHJ5	rep_5
CAREVHFRIQLWLEVNWFDPW	1	IGHV4-61	IGHJ5	rep_5
CTMGSSGWLRVKAW	1	IGHV3-49	IGHJ4	rep_5
CASRAGEQLVHVWDTHW	1	IGHV1-18	IGHJ4	rep_5
CARGKGSCYAPGPSFDYW	1	IGHV1-3	IGHJ4	rep_5
CARAKYSSHRLSGHDAFDIW	1	IGHV3-30	IGHJ3	rep_5
CAKRYATWIQLWLWDPHYW	1	IGHV3-NL1	IGHJ4	rep_5
CAREIVVVAATQASGRAGLWEFDYW	1	IGHV1-69	IGHJ4	rep_5
CARVQASPDCSSTSCYPYNWFDPW	1	IGHV1-18	IGHJ5	rep_5
CARGRLWLYYFDYW	1	IGHV4-61	IGHJ4	rep_5
CARWPHTIFGVASLFDYW	1	IGHV3-13	IGHJ4	rep_5
CARHPPLETSSWYGFDYW	1	IGHV5-51	IGHJ4	rep_5
CASALDYDILQYW	1	IGHV3-53	IGHJ4	rep_5
CARDRDCSSTSCYGLYYYYYMDVW	1	IGHV4-59	IGHJ6	rep_5
CARDILFFPAAGWFDPW	1	IGHV3-64	IGHJ5	rep_5
CARDHKLLLRAYW	1	IGHV3-11	IGHJ4	rep_5
CAVTLLLRRHGPPWLRSGKQMEESIFYYYYYYYMDVW	1	IGHV3-30	IGHJ6	rep_5
CARESQVLPARPGQTGFDYW	1	IGHV3-21	IGHJ4	rep_5
CARWSSCYKNTGRFDYW	1	IGHV1-2	IGHJ4	rep_5
CAKDQVGAGVDYW	1	IGHV3-NL1	IGHJ4	rep_5
CTWNSCYFDYW	1	IGHV3-49	IGHJ4	rep_5
CAKYRRGITMIVVVITHLAGSGRDYW	1	IGHV3-23	IGHJ4	rep_5
CAKPVEKSGRYPDYW	1	IGHV3-23	IGHJ4	rep_5
CAREAVALFFGSDYYYYMDVW	1	IGHV1-46	IGHJ6	rep_5
CARDGIVVVVAATRNRKRILDYW	1	IGHV3-66	IGHJ4	rep_5
CARLESDIVVVVAATLMLGDWFDPW	1	IGHV5-10-1	IGHJ5	rep_5
CARVFKSGYRYYYYYMDVW	1	IGHV3-7	IGHJ6	rep_5
CARAGRGRAVADGRKPSW	1	IGHV4-34	IGHJ5	rep_5
CATPTYW	1	IGHV4-4	IGHJ4	rep_5
CARRYCTGGVCGRITIYYYYMDVW	1	IGHV4-34	IGHJ6	rep_5
CARDHLLGLRYFDWLLRYFDYW	1	IGHV4-59	IGHJ4	rep_5
CARQIIDIVVVPAAMPRSYYYYYMDVW	1	IGHV4-39	IGHJ6	rep_5
CAKIIAAAARKPSWFDPW	1	IGHV3-23	IGHJ5	rep_5
CAKDNTRGVGYCSSTSCYTTGWLFDYW	1	IGHV3-NL1	IGHJ4	rep_5
CAKAYYDILTGYWCLVYYYYYMDVW	1	IGHV3-NL1	IGHJ6	rep_5
CARDTSHVCSSTSCPKLGYYFDYW	1	IGHV3-7	IGHJ4	rep_5
CARTFGRDCSSTSCLGSW	1	IGHV4-38-2	IGHJ5	rep_5
CTRPLEWLLYPPGRLFDYW	1	IGHV3-73	IGHJ4	rep_5
CARPRSSSSSRKLGSYYYYYMDVW	1	IGHV4-38-2	IGHJ6	rep_5
CARDVLDSQQLVRIYW	1	IGHV3-72	IGHJ4	rep_5
CASEYDILTGLTRLRWFDPW	1	IGHV1-3	IGHJ5	rep_5
CATASNRWAASCYTNW	1	IGHV1-24	IGHJ4	rep_5
CAEVVVVVAATAPFDYW	1	IGHV3-23	IGHJ4	rep_5
CARISPVQPSQQREPRRGGYCSGGSCYSGHW	1	IGHV2-26	IGHJ4	rep_5
CANIGGYCSGGSCYKASGGDYW	1	IGHV3-NL1	IGHJ4	rep_5
CLDKQIVLRFLEWVVDYW	1	IGHV5-10-1	IGHJ4	rep_99
CARGSGGSDTSCYDHPSRDYW	1	IGHV4-34	IGHJ4	rep_99
CATTTFSSGLCGHNLKRGWAFQHW	1	IGHV3-23	IGHJ1	rep_99
CTFPYCSGGSCYSEGGGWFDPW	1	IGHV3-49	IGHJ5	rep_99
CANDDFWSGYSHWFDPW	1	IGHV3-23	IGHJ5	rep_99
CTRRASRIAAAGTLFYRTPTSPRNWFDPW	1	IGHV3-73	IGHJ5	rep_99
CAREFHSSGWYIYGAFDIW	1	IGHV3-66	IGHJ3	rep_99
CAKPTYYDFWSGYAGLRLGGYYYYYMDVW	1	IGHV3-NL1	IGHJ6	rep_99
CARWVTARGRTNNWFDPW	1	IGHV3-21	IGHJ5	rep_99
CARGTRAARLWRDYW	1	IGHV3-13	IGHJ4	rep_99
CAVFDIVVVVAATGTGSSFDYW	1	IGHV4-34	IGHJ4	rep_99
CARPAGTLLGCRYYFDYW	1	IGHV1-3	IGHJ4	rep_99
CARDGYLTVGYCSSTSCYVVPYYYYYYMDVW	1	IGHV4-4	IGHJ6	rep_99
CARRMCSGGSCQRYYYYYMDVW	1	IGHV2-26	IGHJ6	rep_99
CARSFSPMGYCTGGVCSYYYYYMDVW	1	IGHV4-38-2	IGHJ6	rep_99
CARLVTFFTITFGGVIVHMYYYYMDVW	1	IGHV3-21	IGHJ6	rep_99
CAGDYDYIWGSYRSAYW	1	IGHV3-30	IGHJ4	rep_99
CARHRLRFLENYYYYMDVW	1	IGHV5-51	IGHJ6	rep_99
CAKDPAPCAGSYYMKSSLAPVVYYYYYYMDVW	1	IGHV3-NL1	IGHJ6	rep_99
CAKDGSTGGVSRAFDIW	1	IGHV3-43	IGHJ3	rep_99
CAKVGWPGRLRDWFDPW	1	IGHV3-NL1	IGHJ5	rep_99
CAKPAVVVVAATSILNFDYW	1	IGHV3-43	IGHJ4	rep_99
CARRTGGNDSSGYYGVGASYWYFDLW	1	IGHV4-39	IGHJ2	rep_99
CASGGYSSSWPSRVDYW	1	IGHV3-11	IGHJ4	rep_99
CARKERKNAPITMIVVVILLLEEFDYW	1	IGHV5-10-1	IGHJ4	rep_99
CTRDGREYSSSSRKVEEPSFDYW	1	IGHV3-49	IGHJ4	rep_99
CARVIPIVVVVAATPPPLAFDYW	1	IGHV1-3	IGHJ4	rep_99
CARDLLGVVIQDYYYYYYYMDVW	1	IGHV4-61	IGHJ6	rep_99
CTNQVAGKPGGYNWFDPW	1	IGHV3-15	IGHJ5	rep_99
CARDSMVHRLDYYYYYMDVW	1	IGHV1-3	IGHJ6	rep_99
CARGGPGYSSGWTYFDYW	1	IGHV3-74	IGHJ4	rep_99
CTTDSLRIMITFGGVIDYYYYMDVW	1	IGHV3-15	IGHJ6	rep_99
CVPGADPVGYCSSTSCYAAGGHYYYYMDVW	1	IGHV1-69	IGHJ6	rep_99
CASFLGTYYDFWSGYYYYYYMDVW	1	IGHV3-21	IGHJ6	rep_99
CARCITTVTVLPYYYYYMDVW	1	IGHV4-61	IGHJ6	rep_99
CAKGRPGIVVVVAAGFAWYNWFDPW	1	IGHV3-43	IGHJ5	rep_99
CARDKGDIVVVPAAPYNWFDPW	1	IGHV4-59	IGHJ5	rep_99
CARERLCSGGSCVNVLKRKRVLFNAYYYYYMDVW	1	IGHV4-59	IGHJ6	rep_99
CAKDPQIVGADYW	1	IGHV3-43	IGHJ4	rep_99
CAKDYRPWLRYTEGRCTNWTCLCGHFDAFDIW	1	IGHV3-23	IGHJ3	rep_99
CAKGAPPYDYVWGSYRYYFDYW	1	IGHV3-43	IGHJ4	rep_99
CAKGVPHIVATISTWYNWFDPW	1	IGHV3-23	IGHJ5	rep_99
CARVRSGWSSRVSFDYW	1	IGHV3-13	IGHJ4	rep_99
CAKDRKDYGDYLPGGDYYYMDVW	1	IGHV3-NL1	IGHJ6	rep_99
CAKDKIPWGSYRVWGHQCHYFDYW	1	IGHV3-23	IGHJ4	rep_99
CTLVTGDIVVVPAAMYLRPYW	1	IGHV3-49	IGHJ4	rep_99
CTRAVISTSCYPSLPNYFDYW	1	IGHV3-49	IGHJ4	rep_99
CTSLEGLPGPSATCPDRWQNRRLCDGWRHFDYW	1	IGHV3-49	IGHJ4	rep_99
CARDWVHERLRFLEWLQICSRETRNISGAFDIW	1	IGHV3-7	IGHJ3	rep_99
CARVTGPVGVVVPAAMPADYYYYMDVW	1	IGHV4-34	IGHJ6	rep_99
CAKATIFGVVIIKELGLDMDVW	1	IGHV3-NL1	IGHJ6	rep_99
CARTDYGVTYNWFDPW	1	IGHV5-10-1	IGHJ5	rep_99
CTTPGQQLVVEW	1	IGHV3-15	IGHJ4	rep_99
CASRHYYDSSGYYTFYDYW	1	IGHV4-39	IGHJ4	rep_99
CARMKGYGSGSYYRDWLRW	1	IGHV2-26	IGHJ5	rep_99
CARPPTVTPDAFDIW	1	IGHV4-39	IGHJ3	rep_99
CTTLAYQLLFVGHYYYYYMDVW	1	IGHV3-15	IGHJ6	rep_99
CAKWVYDFWSGYYRNVAYYYMDVW	1	IGHV3-NL1	IGHJ6	rep_99
CAKRRTIFGVVIIMAGHWYFDLW	1	IGHV3-23	IGHJ2	rep_99
CARDGPPYYDFWSGYYRVIFYYYYYMDVW	1	IGHV3-53	IGHJ6	rep_99
CAHTLGTQSTYYYGSGSRHHSSWYYFDYW	1	IGHV2-5	IGHJ4	rep_99
CAREGSYSNYVGDYFDYW	1	IGHV3-7	IGHJ4	rep_99
CARAGSRITMIVVVITISFDYW	1	IGHV1-69	IGHJ4	rep_99
CARDLRGRGWELREDAFDIW	1	IGHV3-20	IGHJ3	rep_99
CAKDRFPYYYGSGRSLCDAFDIW	1	IGHV3-NL1	IGHJ3	rep_99
CARSGSSYYDSSGASDYFDYW	1	IGHV4-34	IGHJ4	rep_99
CARGSPIAVAARTSDYW	1	IGHV1-18	IGHJ4	rep_99
CTRLDIVLVVYAGASQGHYYYYYYMDVW	1	IGHV3-73	IGHJ6	rep_99
CARRELVTPDPLGCDPW	1	IGHV1-69	IGHJ5	rep_99
CAKSIVLRFLEWLFPQRVPHFDYW	1	IGHV3-23	IGHJ4	rep_99
CTTDVYYGSGTILGYYYMDVW	1	IGHV3-15	IGHJ6	rep_99
CARRVHIVVVPAAHYYYYYMDVW	1	IGHV5-51	IGHJ6	rep_99
CAKDTDYDFWSGSIRGW	1	IGHV3-43	IGHJ4	rep_99
CARPLGLLWFRELVHLPRLFDPW	1	IGHV5-10-1	IGHJ5	rep_99
CARDGPPAQWLVQSHTSSYYFDYW	1	IGHV1-3	IGHJ4	rep_99
CARDGLASSTSCYGVRGRLKNYYYYMDVW	1	IGHV3-30	IGHJ6	rep_99
CAGYCSSTSCFRAARDYFDYW	1	IGHV3-20	IGHJ4	rep_99
CASVHGSGGSCYLYYYYYMDVW	1	IGHV3-21	IGHJ6	rep_99
CASEMATENFDYW	1	IGHV3-53	IGHJ4	rep_99
CAKDLLIVVVPAHYLPRLGYGVRYYYYYMDVW	1	IGHV3-43D	IGHJ6	rep_99
CARSSLTIFGVVITPRPPWIDYW	1	IGHV6-1	IGHJ4	rep_99
CAKEAEYCSGGSCYWESSGDAFDIW	1	IGHV3-NL1	IGHJ3	rep_99
CARQLSIVVVVAATRAGTNRDDAFDIW	1	IGHV1-46	IGHJ3	rep_99
CARDGKGDCSGGSCYFLSDYW	1	IGHV3-74	IGHJ4	rep_99
CANSHRTVGAVKIFGVVISDFDYW	1	IGHV3-23	IGHJ4	rep_99
CAKRYITIFGVVIEHPRRGNYYYYYYMDVW	1	IGHV3-23	IGHJ6	rep_99
CAKPSVSFRRPDYW	1	IGHV3-23	IGHJ4	rep_99
CKRRLDFWSGYYTRGDYYYYMDVW	1	IGHV3-15	IGHJ6	rep_99
CARACRSITIFGVALQSRDYW	1	IGHV3-72	IGHJ4	rep_99
CARDGDRSNIVVVPAALGHMSYW	1	IGHV3-74	IGHJ4	rep_99
CAKSEQLGPFDYW	1	IGHV3-23	IGHJ4	rep_99
CASFGYCSSTSCYEVSTHHYYYYYMDVW	1	IGHV5-51	IGHJ6	rep_99
CARGPSAGNCSSTSCYVKLYTPPGTLYYYYYMDVW	1	IGHV1-69	IGHJ6	rep_99
CARAYRIAVKGADYW	1	IGHV4-38-2	IGHJ4	rep_99
CARFHGPVQGSYYYYYYMDVW	1	IGHV1-3	IGHJ6	rep_99
CARLFLGPNGYCSSTSCYARYYYYMDVW	1	IGHV4-38-2	IGHJ6	rep_99
CASAYRRSSCEYSSSVDYW	1	IGHV4-34	IGHJ4	rep_99
CAKARCWYSSGWYVDLGESRRFDYW	1	IGHV3-NL1	IGHJ4	rep_99
CARDLNTVVVVVAATHGLTDYW	1	IGHV3-74	IGHJ4	rep_99
CAKAGYSSGWILNYW	1	IGHV3-23	IGHJ4	rep_99
CARKVPDYYDSSGQRDGFDYW	1	IGHV1-46	IGHJ4	rep_72
CASVKAAPYYYDSSGYYNFDYW	1	IGHV3-7	IGHJ4	rep_72
CAKGKLRFLEWLVDYYYMDVW	1	IGHV1-18	IGHJ6	rep_72
CARRSVESVGYSSGWLIPIGFDYW	1	IGHV5-51	IGHJ4	rep_72
CAKAARPSATVTGSVW	1	IGHV3-NL1	IGHJ4	rep_72
CARVHDFWSGYYALVNWFDPW	1	IGHV1-3	IGHJ5	rep_72
CAHSQFLMYCSTSCYGSRICYW	1	IGHV2-5	IGHJ4	rep_72
CARDMSRMAVAGSDYW	1	IGHV1-18	IGHJ4	rep_72
CAKALGAASICIVVVVAATPTEGWFDPW	1	IGHV3-23	IGHJ5	rep_72
CARFITLSAAPGIVVVVVAATRIDAFDIW	1	IGHV4-59	IGHJ3	rep_72
CARDKRRIVGEGAAPTVTSVSPQGFTSEVPFDYW	1	IGHV1-69	IGHJ4	rep_72
CARVNKPMGRGYGKYFQHW	1	IGHV3-11	IGHJ1	rep_72
CARIFHYYDFWSGYYTGPWDYW	1	IGHV2-70	IGHJ4	rep_72
CAKDHGGIAAAVPFDYMDVW	1	IGHV3-23	IGHJ6	rep_72
CAKDPGECYSSGWDYW	1	IGHV3-NL1	IGHJ4	rep_72
CARDLPPKVAVAGTLSFPPSYFDYW	1	IGHV3-7	IGHJ4	rep_72
CARTRGYSIDCSSTSCYDFWFDPW	1	IGHV1-3	IGHJ5	rep_72
CARDRAHRFGADYW	1	IGHV1-3	IGHJ4	rep_72
CAKGEMQGGIPSFYSSGCLFDYW	1	IGHV3-NL1	IGHJ4	rep_72
CARHNLQQLVRVLAKQVW	1	IGHV5-51	IGHJ4	rep_72
CARIYYDFWSGYPYYYYYMDVW	1	IGHV2-26	IGHJ6	rep_72
CTTADYSKVVAYYYYYYMDVW	1	IGHV3-15	IGHJ6	rep_72
CAREVSFRELWGATSTSIRIPTLDYW	1	IGHV3-11	IGHJ4	rep_72
CARRVVVVAATAYYYYMDVW	1	IGHV4-39	IGHJ6	rep_72
CARFWRWIATTRYSW	1	IGHV3-13	IGHJ4	rep_72
CAHRRGLAYCGGDCYSARNWFDPW	1	IGHV2-5	IGHJ5	rep_72
CARAPYDYVWGSYRYIHW	1	IGHV4-61	IGHJ4	rep_72
CASRVGYCTGGVCYERGVSQFNWFDPW	1	IGHV4-61	IGHJ5	rep_72
CAREGRYCSSTSCDPDAFDIW	1	IGHV1-18	IGHJ3	rep_72
CARSDGDFWSGYYIWMTYYYYYYYMDVW	1	IGHV1-46	IGHJ6	rep_72
CARDGLPGGHMVRGRGWFDPW	1	IGHV4-61	IGHJ5	rep_72
CARDWNGYSSSPGEVASTCDAFDIW	1	IGHV1-18	IGHJ3	rep_72
CARNSRAGYSSSWYRQDFDYW	1	IGHV3-7	IGHJ4	rep_72
CARGLDIVVVPAAKESTGYYYYYYMDVW	1	IGHV4-34	IGHJ6	rep_72
CARRGPYIVVVVAATQSLDYW	1	IGHV3-21	IGHJ4	rep_72
CASKQWLVRLYFDYW	1	IGHV1-2	IGHJ4	rep_72
CTRDLPLSLGYCSGGSCYSVMDVW	1	IGHV3-49	IGHJ6	rep_72
CASAPKGPVVAATLSDYW	1	IGHV3-33	IGHJ4	rep_72
CARERRTEAGPCGWLGPFYYW	1	IGHV3-7	IGHJ4	rep_72
CARDTIAVAQGGYFDYW	1	IGHV3-13	IGHJ4	rep_72
CTEERREDYGDYKIPHYYYMDVW	1	IGHV3-9	IGHJ6	rep_72
CARLVRIAVAGTYQFVDFDYW	1	IGHV7-4-1	IGHJ4	rep_72
CARVPMITFGGVIVCPPYW	1	IGHV3-11	IGHJ4	rep_72
CAGHYYGSGSYPFAFDIW	1	IGHV4-28	IGHJ3	rep_72
CPGGVGWGCDYW	1	IGHV3-30	IGHJ4	rep_72
CAKAVTEYSSGWYGIGVGKDTFDIW	1	IGHV3-NL1	IGHJ3	rep_72
CARASITIFGVVREEDYW	1	IGHV1-3	IGHJ4	rep_72
CATGTTVTTFLVVCHAEANFDYW	1	IGHV3-21	IGHJ4	rep_72
CARGLSRIAARPLPRNWFDPW	1	IGHV4-4	IGHJ5	rep_72
CARIRQLLYWWCMLYSGFDPW	1	IGHV2-70	IGHJ5	rep_72
CYAPEPGILWFRELLIPQVQRSCSYYYMDVW	1	IGHV3-30-3	IGHJ6	rep_72
CARRPVLRFLEWQGSHHRFDYW	1	IGHV1-45	IGHJ4	rep_72
CARENITMVQGVIFDYW	1	IGHV3-66	IGHJ4	rep_72
CARYWGNQRITIFVLLGDQGPYW	1	IGHV1-18	IGHJ4	rep_72
CAREGGCRYFDYW	1	IGHV1-2	IGHJ4	rep_72
CPGLVVPAAMRKRGNYYFDYW	1	IGHV3-NL1	IGHJ4	rep_72
CANFWTVTTSLW	1	IGHV3-NL1	IGHJ4	rep_72
CARGPQGLGDSSSWYPTSPSYFDYW	1	IGHV4-34	IGHJ4	rep_72
CARRPEPVSVSGNYW	1	IGHV1-46	IGHJ4	rep_72
CARIGAAAGTFDYW	1	IGHV1-69	IGHJ4	rep_72
CARFGPGGVGDYW	1	IGHV1-3	IGHJ4	rep_72
CASNHTTTVVTPCHDYW	1	IGHV3-21	IGHJ4	rep_72
CARLVSIVVVVAANWFDPW	1	IGHV4-59	IGHJ5	rep_72
CAPVVGQLWELTSAVAGTCWDAFDIW	1	IGHV1-2	IGHJ3	rep_72
CARGKDGGTIATAITKVW	1	IGHV1-2	IGHJ4	rep_72
CAKDTFLCRFGGELYW	1	IGHV3-23	IGHJ4	rep_72
CARASFWVQGRIDDGKDW	1	IGHV5-10-1	IGHJ4	rep_72
CARYGGESMIVVAATIWFDPW	1	IGHV4-38-2	IGHJ5	rep_72
CTWFTAFMCRALGLDYGDYAFDYW	1	IGHV3-73	IGHJ4	rep_72
CAVIPGYSSGWRPSPRLRWFDPW	1	IGHV3-20	IGHJ5	rep_72
CARTSLCVGYCSSTSCYRGGTSFDPW	1	IGHV2-26	IGHJ5	rep_72
CSHPIPIRAILTAPRPCSGGSCYSIW	1	IGHV3-30-3	IGHJ4	rep_72
CARDAPLPIVLVVYATFTYYFDYW	1	IGHV3-7	IGHJ4	rep_72
CASVLGDYVGPNWFDPW	1	IGHV1-2	IGHJ5	rep_72
CARIRAVLWFGELLMTVYYW	1	IGHV2-70	IGHJ4	rep_72
CAKDDPYQQQLVLGNWFDPW	1	IGHV3-NL1	IGHJ5	rep_72
CARTPPPKDRSAPAATTTLIW	1	IGHV3-7	IGHJ5	rep_72
CVAIFGIW	1	IGHV1-2	IGHJ5	rep_72
CAKAPVVVVVLIDVFDYW	1	IGHV3-23	IGHJ4	rep_72
CAKVRGSVLRYFDWVGSVDYW	1	IGHV3-NL1	IGHJ4	rep_72
CARENTMIVVVPW	1	IGHV1-69	IGHJ4	rep_72
CARERAGLDVLVVVPAAIYFDYW	1	IGHV1-2	IGHJ4	rep_72
CARVEGKPGSYREVFGRDYYFDYW	1	IGHV1-46	IGHJ4	rep_72
CARLSTSFDYW	1	IGHV1-69	IGHJ4	rep_72
CARMTTGGFYW	1	IGHV1-2	IGHJ4	rep_72
CAREVCSGGSCYGTFDYW	1	IGHV3-66	IGHJ4	rep_72
CARACSSTSCYDYYYYMDVW	1	IGHV4-34	IGHJ6	rep_72
CAHRRRRAIRPIADNSWYFDLW	1	IGHV2-5	IGHJ2	rep_72
CARAGALGQGRSQMQRGDFDYW	1	IGHV1-3	IGHJ4	rep_72
CAKRLPCVVVTAIGYW	1	IGHV1-3	IGHJ4	rep_72
CRVLSVVVVPAAIGGDYYYYYMDVW	1	IGHV3-73	IGHJ6	rep_72
CAKDPVAWGVTQGFDYW	1	IGHV3-23	IGHJ4	rep_72
CARAPGPYDW	1	IGHV1-3	IGHJ4	rep_72
CARLAPIVVVPAARVSFDYW	1	IGHV4-39	IGHJ4	rep_72
CARRSQLPTYYDFWSGYPTTHWFDPW	1	IGHV3-13	IGHJ5	rep_72
CAKWACSGGSCYPFDYW	1	IGHV3-NL1	IGHJ4	rep_72
CTRVYCSGGSCYRIAFDIW	1	IGHV3-49	IGHJ3	rep_72
CARPQPFTASNYRKGQPLWFDPW	1	IGHV1-18	IGHJ5	rep_72
CARPSGYCSGGSCYSKWDGPNYW	1	IGHV1-18	IGHJ4	rep_72
CAKVMITFGGVIVIPFGTRAEFDYW	1	IGHV3-23	IGHJ4	rep_72
CTRVGHNWFDPW	1	IGHV3-49	IGHJ5	rep_66
CARMGLVLRYFDWLLVALNDAFDIW	1	IGHV7-4-1	IGHJ3	rep_66
CAKDRPPHGRPIAVAGRLYFDYW	1	IGHV3-23	IGHJ4	rep_66
CARDSSLGYCSSTSCYNFDYW	1	IGHV3-30	IGHJ4	rep_66
CTTGRALWELLWDYW	1	IGHV3-15	IGHJ4	rep_66
CYCSSTSCYESYIDYW	1	IGHV7-4-1	IGHJ4	rep_66
CAHSPRYFDWLRGKPDYW	1	IGHV2-5	IGHJ4	rep_66
CAPGRIAAAGRGYYYYYYMDVW	1	IGHV5-51	IGHJ6	rep_66
CARGYHDDFWSGWWDFDYW	1	IGHV1-69	IGHJ4	rep_66
CARPLIIYCSGGSWHSLDYW	1	IGHV1-45	IGHJ4	rep_66
CARDHPGSYNWFDPW	1	IGHV3-13	IGHJ5	rep_66
CARERGWELHPYW	1	IGHV5-10-1	IGHJ4	rep_66
CARGAPYCSSTSSLRHMDVW	1	IGHV1-46	IGHJ6	rep_66
CARIGCSGYYYSVW	1	IGHV4-34	IGHJ4	rep_66
CANGLVLNDFWSGYYLWYFDLW	1	IGHV3-43D	IGHJ2	rep_66
CARARKRYIVVVPAANTDLPW	1	IGHV1-69	IGHJ5	rep_66
CASQGTLFPYFDWLLNDYYMDVW	1	IGHV4-39	IGHJ6	rep_66
CARSHYDFWRRWERFWYYYYYYYMDVW	1	IGHV5-10-1	IGHJ6	rep_66
CTRDQDGTGEIRSVTFDYW	1	IGHV3-49	IGHJ4	rep_66
CAKATDIVLMVYGFLTPAQDW	1	IGHV3-23	IGHJ5	rep_66
CARGYCSSTSCYYYYYYMDVW	1	IGHV3-30	IGHJ6	rep_66
CARDQKIYYDSSGYYYHAPQAYW	1	IGHV1-18	IGHJ4	rep_66
CARDDHHCSGGSCYHYW	1	IGHV1-2	IGHJ4	rep_66
CTRGSRTMIVVVSITYW	1	IGHV3-49	IGHJ4	rep_66
CARALIFGVVIMFDPW	1	IGHV3-48	IGHJ5	rep_66
CVINIRITIFGVVIINRDAFDIW	1	IGHV1-69	IGHJ3	rep_66
CARERLRYCSGGSCYFDYW	1	IGHV3-7	IGHJ4	rep_66
CASSSVKAWLRYHDRRWFDPW	1	IGHV3-7	IGHJ5	rep_66
CASFKHSSSWYNFDYW	1	IGHV3-11	IGHJ4	rep_66
CARDGITMVRGVIIYGAGNWFDPW	1	IGHV4-59	IGHJ5	rep_66
CATAQDIVLVVYAIVIRYFDLW	1	IGHV3-13	IGHJ2	rep_66
CGGAYCGGDCYQEFDLW	1	IGHV3-49	IGHJ2	rep_66
CTRPPNVWWVQGVISWFDPW	1	IGHV3-73	IGHJ5	rep_66
CARASSSGWYIGEW	1	IGHV1-3	IGHJ5	rep_66
CARGRSEGYCSSTSCYAEGLGWVDYYYYYMDVW	1	IGHV4-34	IGHJ6	rep_66
CAKGLGEDYYMDVW	1	IGHV3-NL1	IGHJ6	rep_66
CGGLGYCTGGVCSWLKYYYYYMDVW	1	IGHV5-10-1	IGHJ6	rep_66
CAKRPPLHWFDPW	1	IGHV3-23	IGHJ5	rep_66
CTTAPLKGIDYYYYYYMDVW	1	IGHV3-15	IGHJ6	rep_66
CTISRAVEGNWFDPW	1	IGHV3-49	IGHJ5	rep_66
CARTPVPGCWLRYCSSTNRPIW	1	IGHV1-3	IGHJ5	rep_66
CAAGDISLYYYGSGSYAVNSSYWYFDLW	1	IGHV1-58	IGHJ2	rep_66
CARNNYYDSSPETSPWFDPW	1	IGHV7-4-1	IGHJ5	rep_66
CARHWVLRFLEWLLNYYMDVW	1	IGHV5-51	IGHJ6	rep_66
CAKRGFSGDYGGALNWFDPW	1	IGHV3-NL1	IGHJ5	rep_66
CARLGSQPIRNGRDQLRRSYYYYMDVW	1	IGHV7-4-1	IGHJ6	rep_66
CASGDCSGGSCYKVAQFCFMGLRDPVYW	1	IGHV3-7	IGHJ4	rep_66
CAREVGSGWYPSAPW	1	IGHV3-11	IGHJ5	rep_66
CARPSLVVVVAAYW	1	IGHV5-51	IGHJ4	rep_66
CARDSFRTGSGKLGVAAAALRYW	1	IGHV1-18	IGHJ4	rep_66
CARRRVWFREFNYYYYMDVW	1	IGHV5-10-1	IGHJ6	rep_66
CARHIGSGCSGGSCYSPPTVSIDYW	1	IGHV4-39	IGHJ4	rep_66
CARLSPIFGVVGVGAYDYW	1	IGHV5-51	IGHJ4	rep_66
CARAPGSLIVVVVAATPALRKRRKDYW	1	IGHV3-20	IGHJ4	rep_66
CARGTTYYYDSSGYYYIDYW	1	IGHV3-11	IGHJ4	rep_66
CARDREGYCTGGVCYTQWVSLSSTDYYYYMDVW	1	IGHV3-64	IGHJ6	rep_66
CARDDLRIAAAAFRDYW	1	IGHV3-11	IGHJ4	rep_66
CASLRDIVVVPAPSRGQGNGCDYYYYYMDVW	1	IGHV3-7	IGHJ6	rep_66
CERVGYCSGGSCWLFDYW	1	IGHV3-53	IGHJ4	rep_66
CARVPRVPEPPGLVIDRYRVDYW	1	IGHV3-48	IGHJ4	rep_66
CARDLISSTSCYWVRGYW	1	IGHV3-7	IGHJ4	rep_66
CARPYYDSSGSLSDYW	1	IGHV4-59	IGHJ4	rep_66
CARPRGYDFWSGCFDYW	1	IGHV1-69	IGHJ4	rep_66
CARGHPVNTYYYDSSGYYPLVWFDPW	1	IGHV5-51	IGHJ5	rep_66
CASPYQAITMVQGFVPAGGPWAFDYW	1	IGHV3-53	IGHJ4	rep_66
CARGRIVLVVYAILSYYYMDVW	1	IGHV4-59	IGHJ6	rep_66
CARDDIVATIKHW	1	IGHV3-7	IGHJ4	rep_66
CAHTRPGYCSSTSCGCYYYYYMDVW	1	IGHV2-5	IGHJ6	rep_66
CAKVCGAVAGTGSYW	1	IGHV3-NL1	IGHJ4	rep_66
CARDVGVLRFLEWLLYSW	1	IGHV6-1	IGHJ5	rep_66
CARGFIAAAGTVDYW	1	IGHV3-20	IGHJ4	rep_66
CAKEGSWGSQGGYFDYW	1	IGHV3-NL1	IGHJ4	rep_66
CAREGREMYYGSGSYAGDAFDIW	1	IGHV4-61	IGHJ3	rep_66
CTTDGAPYDILTGYYSGDAFDIW	1	IGHV3-15	IGHJ3	rep_66
CARGPRRTYYYGSGSYYNDLYYYYYYMDVW	1	IGHV3-7	IGHJ6	rep_66
CARDSSRPVRFLEWLLTFPYYYYYMDVW	1	IGHV3-53	IGHJ6	rep_66
CARGVDIVATIGMGTRIRRAILPKRGDYW	1	IGHV4-38-2	IGHJ4	rep_66
CAKVPRLVRPDTYW	1	IGHV3-NL1	IGHJ4	rep_66
CARKGCRDLSSPKNWFDPW	1	IGHV1-2	IGHJ5	rep_66
CARDFAGPCIAAAGRYFDYW	1	IGHV3-53	IGHJ4	rep_66
CARHKRDSSGWYRGQDRGGRDFDLW	1	IGHV5-51	IGHJ2	rep_66
CTRPRAALRYFDWLLWADYW	1	IGHV3-49	IGHJ4	rep_66
CARGLSSGMELDPW	1	IGHV3-23	IGHJ5	rep_66
CARETPWLLRRSPVTGTTITIRFDYW	1	IGHV1-2	IGHJ4	rep_66
CAMEYFLRYFDWLFGGYYYYYMDVW	1	IGHV1-2	IGHJ6	rep_66
CAKDGGDYW	1	IGHV3-NL1	IGHJ4	rep_66
CAHSYLGYCSSTSCLYVGSYTYW	1	IGHV2-5	IGHJ4	rep_66
CARLGRYWWCMLGMSFNYW	1	IGHV5-51	IGHJ4	rep_66
CARVITMIVVVKLPASHYYFDYW	1	IGHV2-70	IGHJ4	rep_66
CARIPGGGTGGPARPRESDATDAFDIW	1	IGHV4-34	IGHJ3	rep_66
CARFRGRRAGWTYSSSWSNW	1	IGHV7-4-1	IGHJ4	rep_66
CAKEENCITILIGTNSGDAFDIW	1	IGHV3-NL1	IGHJ3	rep_66
CAGCTNYCSSTSCYETSYYMDVW	1	IGHV1-18	IGHJ6	rep_66
CAKDRDYEGSRITMVQGTGKGGLYYYYYMDVW	1	IGHV3-NL1	IGHJ6	rep_66
CAKDNRVDIAARMGDTHNWFDPW	1	IGHV3-43D	IGHJ5	rep_66
CARLENDAFDIW	1	IGHV1-69	IGHJ3	rep_66
CAKDDSFVYCTNGVLVWFDPW	1	IGHV3-NL1	IGHJ5	rep_66
CATRGRVYDAFDIW	1	IGHV3-13	IGHJ3	rep_66
CARGIRVLAAARMDVW	1	IGHV3-13	IGHJ6	rep_66
CDPIQLWLGWIKYYFDYW	1	IGHV3-30	IGHJ4	rep_66
CARLRQGEKNSSSSEVKFDYW	1	IGHV3-74	IGHJ4	rep_58
CARVHKGLAVAGSDPYWYFDLW	1	IGHV1-69	IGHJ2	rep_58
CARGIPLGYCTGGWFDPW	1	IGHV3-7	IGHJ5	rep_58
CAKDSQLHPGPPVPAAFGYW	1	IGHV3-23	IGHJ4	rep_58
CAKEAAPTMIVVVITTDPFDPW	1	IGHV3-23	IGHJ5	rep_58
CSRDCTNGVCYVSFRYW	1	IGHV3-53	IGHJ4	rep_58
CARDKTMIVVVITW	1	IGHV4-59	IGHJ4	rep_58
CARNWSTVTIIYW	1	IGHV3-21	IGHJ4	rep_58
CARGGGYSSGWLTWTRGPIIDAFDIW	1	IGHV3-7	IGHJ3	rep_58
CAHRPSRSSWGGDYW	1	IGHV2-5	IGHJ4	rep_58
CTLVGLNVLDYW	1	IGHV3-9	IGHJ4	rep_58
CARDRGRNPRGPGIAVAGTICFDYW	1	IGHV3-53	IGHJ4	rep_58
CARGFPPMMGCDYW	1	IGHV4-38-2	IGHJ4	rep_58
CARDHPVLYWWCMLPLRVHVDYW	1	IGHV1-69	IGHJ4	rep_58
CARDRRKTPGRPEVVPAAINTDYW	1	IGHV3-74	IGHJ4	rep_58
CAKVVMDNRCDCSSTSCYVLNSRYMDVW	1	IGHV3-23	IGHJ6	rep_58
CARDLLYYDFWSGYYNGWFDPW	1	IGHV3-11	IGHJ5	rep_58
CARDQVGPGLVVAVLFRYNWFDPW	1	IGHV4-59	IGHJ5	rep_58
CARNGSPPTYSVLLWFRELLYYFDYW	1	IGHV1-3	IGHJ4	rep_58
CAKRTYYYGSGSYYNYYYMDVW	1	IGHV3-23	IGHJ6	rep_58
CARRNSIVVVVAATRGVDYW	1	IGHV4-39	IGHJ4	rep_58
CAKDQRVAAAGAYW	1	IGHV3-NL1	IGHJ4	rep_58
CTTDGPPNLGYCSGGSTGDPW	1	IGHV3-15	IGHJ5	rep_58
CAKDTPTRSRAVAGTIHYFDYW	1	IGHV3-23	IGHJ4	rep_58
CARGAEQLADRTNWFDPW	1	IGHV4-34	IGHJ5	rep_58
CAREGWEYSSSSLHGHWFDPW	1	IGHV3-21	IGHJ5	rep_58
CAKGVKDYDYGDYDQAYYFDYW	1	IGHV3-23	IGHJ4	rep_58
CAKGVREYCSGGSCYSQSGAEDAFDIW	1	IGHV3-NL1	IGHJ3	rep_58
CARGSIAARETDAFDIW	1	IGHV1-18	IGHJ3	rep_58
CASGTLGITMIVVVITVKPYFDYW	1	IGHV1-45	IGHJ4	rep_58
CAKDRMGCLTIFGVVSLRDCDDYFDYW	1	IGHV3-NL1	IGHJ4	rep_58
CARAERRRWFRELGNFAFDIW	1	IGHV3-13	IGHJ3	rep_58
CASVYDFWSGFEDFDYW	1	IGHV1-46	IGHJ4	rep_58
CARDPCDFWSGYQEAFDAFDIW	1	IGHV1-3	IGHJ3	rep_58
CARLQEAFDIW	1	IGHV2-70	IGHJ3	rep_58
CARDRLEWGVQVYYMDVW	1	IGHV1-69	IGHJ6	rep_58
CTTAGRVVAATLTQIIPYYYYYYYMDVW	1	IGHV3-15	IGHJ6	rep_58
CARILSPVLRFLEWSYYYYYYYYMDVW	1	IGHV2-70	IGHJ6	rep_58
CARAYDSSGYYYRSFDYW	1	IGHV3-48	IGHJ4	rep_58
CAKDPLNLWFGELFDYW	1	IGHV3-23	IGHJ4	rep_58
CARKIPVLLWFGESYWFDPW	1	IGHV5-10-1	IGHJ5	rep_58
CAKQGYDILTGYYGGGYYYYYYYMDVW	1	IGHV3-NL1	IGHJ6	rep_58
CASVADPSPSDCSSTSCYSPGKNYYYYYYMDVW	1	IGHV1-2	IGHJ6	rep_58
CAKDIATPHPTVAGTLDYFDYW	1	IGHV3-43	IGHJ4	rep_58
CANRLYWWCMPRFDYW	1	IGHV3-53	IGHJ4	rep_58
CARWAPAGMDYW	1	IGHV5-10-1	IGHJ4	rep_58
CARRWVW	1	IGHV1-45	IGHJ5	rep_58
CAKPGNTRSHGGSMTDSSWFDPW	1	IGHV3-23	IGHJ5	rep_58
CARVGEPAVAGEIHWFDPW	1	IGHV4-34	IGHJ5	rep_58
CARRVTEQLVNRRRGYFDYW	1	IGHV5-51	IGHJ4	rep_58
CARAESIAAAGTSHFDYW	1	IGHV3-13	IGHJ4	rep_58
CARAGNEGVRIDYW	1	IGHV1-69	IGHJ4	rep_58
CASFSGMNSSSWSGYRAPGVFSWFDPW	1	IGHV3-53	IGHJ5	rep_58
CTSRNTAMVSDYW	1	IGHV3-49	IGHJ4	rep_58
CAGIPSEWLVRFDYW	1	IGHV3-7	IGHJ4	rep_58
CARSYLPSLLDIVVVPAANDLYYYYYYMDVW	1	IGHV1-69	IGHJ6	rep_58
CAKVPIMTLDIVLVVYARARPLVLTQCDYFDYW	1	IGHV3-NL1	IGHJ4	rep_58
CTTDKGNVMSVIVLMVYAIQLYW	1	IGHV3-15	IGHJ4	rep_58
CARDRADSSSWYKGHWFDPW	1	IGHV1-2	IGHJ5	rep_58
CARQSVRRITIFGVVMHLCYYYYYYMDVW	1	IGHV7-4-1	IGHJ6	rep_58
CAREFTRTAVAGNPGCCNVPTPLFDYW	1	IGHV3-53	IGHJ4	rep_58
CAPEGDVPPAPRLIYTIFGVVNRTFDYW	1	IGHV2-5	IGHJ4	rep_58
CARRFHPTGLRFLEWLLFVTLLGCQVYYYYYMDVW	1	IGHV5-51	IGHJ6	rep_58
CARVVEDRCELFWYSSSCPGLMDDYW	1	IGHV3-53	IGHJ4	rep_58
CAPFKGSLKAASPVIW	1	IGHV5-51	IGHJ4	rep_58
CARPPSALGGCYW	1	IGHV3-7	IGHJ4	rep_58
CARYVVVVAATRFDYW	1	IGHV7-4-1	IGHJ4	rep_58
CARGYSSGWYGKACAEYFQHW	1	IGHV2-70	IGHJ1	rep_58
CARGVTTPYYFDYW	1	IGHV3-7	IGHJ4	rep_58
CASPSLGSGSTCYMDVW	1	IGHV5-51	IGHJ6	rep_58
CARTSTVTSHDYW	1	IGHV2-26	IGHJ4	rep_58
CARDLLDIVVVVAAMPHDAFDIW	1	IGHV3-21	IGHJ3	rep_58
CARDRSIAAAGSRYYFDYW	1	IGHV3-7	IGHJ4	rep_58
CARIPVNWRRIPWDIVVVVAATPLGLNAFDIW	1	IGHV2-26	IGHJ3	rep_58
CARGGTRIDYW	1	IGHV1-2	IGHJ4	rep_58
CAKFRGGSCYCLYYYYMDVW	1	IGHV3-43D	IGHJ6	rep_58
CARAIAAVRGLAPDYW	1	IGHV4-59	IGHJ4	rep_58
CARAAHYDFWSGLALTCYYYYYYMDVW	1	IGHV1-3	IGHJ6	rep_58
CASRNPSGWYQYDYW	1	IGHV7-4-1	IGHJ4	rep_58
CARLYGDYDNFDYW	1	IGHV4-61	IGHJ4	rep_58
CAKDLMLSPTITIFGVVRTPLESFNFDYW	1	IGHV3-23	IGHJ4	rep_58
CAKGIAVAYFDYW	1	IGHV3-NL1	IGHJ4	rep_58
CARDYQRKDIVVVVAATHDYW	1	IGHV3-66	IGHJ4	rep_58
CARGSNVVATITASSWYYFDYW	1	IGHV3-21	IGHJ4	rep_58
CASTSQPAYW	1	IGHV4-39	IGHJ4	rep_58
CASPRCGRRPYW	1	IGHV5-51	IGHJ4	rep_58
CAKDSGGSCYSPGFDYW	1	IGHV3-NL1	IGHJ4	rep_58
CAKDLSTTVTWGAWLSYYYYYYMDVW	1	IGHV3-NL1	IGHJ6	rep_58
CAKEPLAVAGTPYFGSQYYFDYW	1	IGHV3-NL1	IGHJ4	rep_58
CARGRSPIAARDDAFDIW	1	IGHV1-2	IGHJ3	rep_58
CARAPPEKHGSGSYNYYYYYMDVW	1	IGHV3-53	IGHJ6	rep_58
CARKLLRGELSLVPPFDIHYW	1	IGHV1-46	IGHJ4	rep_58
CARNGRCGNWNYGTYYW	1	IGHV3-53	IGHJ4	rep_58
CAHRRATTVTLPDFDYW	1	IGHV2-5	IGHJ4	rep_58
CARKNIVVVPADRGYYMDVW	1	IGHV3-53	IGHJ6	rep_58
CARPWGPDYYYGSGSYYNLRGWFDPW	1	IGHV3-NL1	IGHJ5	rep_58
CARGPSYYGSGSYSPNEDYFDYW	1	IGHV4-34	IGHJ4	rep_58
CARHGSMVQGVILSYYYYYYMDVW	1	IGHV5-51	IGHJ6	rep_58
CTRVEDNTIFGVVIIAREYW	1	IGHV3-49	IGHJ4	rep_58
CASRNYCSSTSCGQTMRWPFFDYW	1	IGHV1-3	IGHJ4	rep_58
CASTLTSTAVAGTEGYW	1	IGHV1-69	IGHJ4	rep_70
CAKDQPLAVAVRWDDAFDIW	1	IGHV3-23	IGHJ3	rep_70
CTGITIFGVVISPYYYYYYMDVW	1	IGHV3-49	IGHJ6	rep_70
CASNCSGGSCYCAAVFYFDYW	1	IGHV4-34	IGHJ4	rep_70
CTTGATQITMIVVVILSQHW	1	IGHV3-15	IGHJ1	rep_70
CAREVDPTSCYEKYYYYMDVW	1	IGHV1-2	IGHJ6	rep_70
CAKNPVNTGYCSSTSCYGFVPPHYYYYYYMDVW	1	IGHV3-23	IGHJ6	rep_70
CTRWGVYCFYW	1	IGHV3-49	IGHJ4	rep_70
CARGHLFGVVIILDYW	1	IGHV3-64	IGHJ4	rep_70
CTRGVRDAYCGGDCYYLNRVIFDDAFDIW	1	IGHV3-49	IGHJ3	rep_70
CARDGSKRPYGDYVQLYW	1	IGHV1-46	IGHJ4	rep_70
CAHRRWGITMIVVVITAGHW	1	IGHV2-5	IGHJ4	rep_70
CARLSQDATMVQGVITHYW	1	IGHV4-38-2	IGHJ4	rep_70
CASPYCSSTSCYTDAFDIW	1	IGHV3-11	IGHJ3	rep_70
CARYYDYIWGSCEYFQHW	1	IGHV1-2	IGHJ1	rep_70
CAHKDIVVVVAATRVVNWFDPW	1	IGHV2-5	IGHJ5	rep_70
CARGLTMIVVVITDAFDIW	1	IGHV3-7	IGHJ3	rep_70
CARPPVVVVAANRGWASSSVDYW	1	IGHV5-51	IGHJ4	rep_70
CARDRRTKWDSLVGQTRPTLAYNWFDPW	1	IGHV3-53	IGHJ5	rep_70
CKFHCSGGHEPNWFDPW	1	IGHV3-30	IGHJ5	rep_70
CAHAPPHIAARIDYW	1	IGHV2-5	IGHJ4	rep_70
CARDRVPKITMIVVGTNFDYW	1	IGHV1-18	IGHJ4	rep_70
CAKDNIRTAAGTFDYW	1	IGHV3-NL1	IGHJ4	rep_70
CARGRVPDIVVVVAATGYYYYYMDVW	1	IGHV4-34	IGHJ6	rep_70
CAKGQSSGWTCFDYW	1	IGHV3-NL1	IGHJ4	rep_70
CARDGKVLGYCSSTSCLGHYYYYMDVW	1	IGHV1-46	IGHJ6	rep_70
CASQAQMDIVLMVYAISWFDPW	1	IGHV3-7	IGHJ5	rep_70
CARAPNRFLEWLLSFDYW	1	IGHV1-3	IGHJ4	rep_70
CARVYWWCMVDYDGFDDAFDIW	1	IGHV3-30	IGHJ3	rep_70
CARTPNGPDIVVVVAATQRSARLFGDYW	1	IGHV1-69	IGHJ4	rep_70
CARGRPDYYYMDVW	1	IGHV3-13	IGHJ6	rep_70
CAQNESRFLEWLLYRLQKCHYFDYW	1	IGHV3-20	IGHJ4	rep_70
CAAGYSSGVEMATSILVDYW	1	IGHV1-45	IGHJ4	rep_70
CARDAGGSIAARPFDYW	1	IGHV3-30	IGHJ4	rep_70
CARAVFGGAWFDPW	1	IGHV5-51	IGHJ5	rep_70
CTTDVVPPPRYNWNYARIDYW	1	IGHV3-15	IGHJ4	rep_70
CAKAGYSGYDSCGGKLLRSDYW	1	IGHV3-23	IGHJ4	rep_70
CARRVAIVVVVAATIDYW	1	IGHV2-26	IGHJ4	rep_70
CAKDQYYEMTYYYYYYMDVW	1	IGHV3-23	IGHJ6	rep_70
CARPSGSYHYHFDYW	1	IGHV3-13	IGHJ4	rep_70
CARVGYCSSTSCYSTW	1	IGHV4-4	IGHJ4	rep_70
CARAQLELPPYW	1	IGHV1-3	IGHJ4	rep_70
CARPPFSGIVVVPAFDYW	1	IGHV4-38-2	IGHJ4	rep_70
CASSFGYWFGELFGYW	1	IGHV7-4-1	IGHJ4	rep_70
CATGRSITMVQGVIITETWHYYYYYYMDVW	1	IGHV1-2	IGHJ6	rep_70
CARGGCGGDCYSWRYW	1	IGHV3-74	IGHJ4	rep_70
CARIPRAVAGSPWHPGYYYYYYMDVW	1	IGHV4-38-2	IGHJ6	rep_70
CAKRHSQSRYGDYVFYW	1	IGHV3-NL1	IGHJ4	rep_70
CAIRHVLRYFDWLLLTAPFDYW	1	IGHV3-43D	IGHJ4	rep_70
CAKDERVLLGYCTGGVCYCPRLYYYYMDVW	1	IGHV3-23	IGHJ6	rep_70
CTRDFEGNTARFLEWLDYW	1	IGHV3-49	IGHJ4	rep_70
CGVDILGYCSSTSCYDPYW	1	IGHV3-30	IGHJ4	rep_70
CAKEGYCSSTSCYSRHGLYYFDYW	1	IGHV3-NL1	IGHJ4	rep_70
CARIYPYIWGSYLRVAFDIW	1	IGHV4-38-2	IGHJ3	rep_70
CARLYVVVVAATPTIYYYYYMDVW	1	IGHV4-39	IGHJ6	rep_70
CARSWEEYYYDFRNWYFDLW	1	IGHV4-59	IGHJ2	rep_70
CARANSIAAAGPLMPRGNWFDPW	1	IGHV5-10-1	IGHJ5	rep_70
CTTDQNLRRGRSGGSCYSNLGVW	1	IGHV3-15	IGHJ5	rep_70
CHIYTPIVGARDFDYW	1	IGHV1-69	IGHJ4	rep_70
CQQQLVLARTLDYW	1	IGHV4-30-2	IGHJ4	rep_70
CDWVFPACDPILDYYYYYMDVW	1	IGHV3-23	IGHJ6	rep_70
CARDARRGRSGRVHMKDELVLLGGFLTNFAWVGPNPQSVYYYYYYMDVW	1	IGHV3-13	IGHJ6	rep_70
CARGLLLWFRELLLVYYYYYMDVW	1	IGHV1-46	IGHJ6	rep_70
CARVIAAAGQVWW	1	IGHV5-51	IGHJ4	rep_70
CAHRDGSGSYYNVPYYYYYYMDVW	1	IGHV2-5	IGHJ6	rep_70
CAPGTLNGIVLMVYAIQHWFDPW	1	IGHV3-30	IGHJ5	rep_70
CASSSGWPTYYFDYW	1	IGHV5-10-1	IGHJ4	rep_70
CATHLLRYDILTGYLLTDW	1	IGHV4-34	IGHJ4	rep_70
CARDSCIAAAGPAFDIW	1	IGHV3-48	IGHJ3	rep_70
CASIAVVVPAANWFDPW	1	IGHV3-20	IGHJ5	rep_70
CTRGHSNIAARFAFDIW	1	IGHV3-49	IGHJ3	rep_70
CAKTLTTVTAFDPW	1	IGHV3-23	IGHJ5	rep_70
CAVGYCSGGSCLDFDYW	1	IGHV3-30	IGHJ4	rep_70
CARDYAGSSSARWYYYYYMDVW	1	IGHV3-74	IGHJ6	rep_70
CARRGCSGGSCYSVLPPDYW	1	IGHV4-61	IGHJ4	rep_70
CATERADVLRFLEWLKLYFDYW	1	IGHV3-66	IGHJ4	rep_70
CAKSLLVSGGSLDEAGPFDYW	1	IGHV3-23	IGHJ4	rep_70
CAKDLLPGIVATICYYYYYMDVW	1	IGHV3-23	IGHJ6	rep_70
CARGRYCSGGSCYSKPQDWFDPW	1	IGHV3-11	IGHJ5	rep_70
CAREFNNPRVYSSGWNAYYYYYMDVW	1	IGHV3-74	IGHJ6	rep_70
CAHRSRYRAPVTDIVVVVAATREGSFDYW	1	IGHV2-5	IGHJ4	rep_70
CARDPPGTTGEYW	1	IGHV1-69	IGHJ4	rep_70
CARRRNGIRVSSSSLALDYW	1	IGHV4-38-2	IGHJ4	rep_70
CARVTVPPYDFWSGYYTGNGYYMDVW	1	IGHV3-11	IGHJ6	rep_70
CARFGELTNYNWFDPW	1	IGHV3-11	IGHJ5	rep_70
CARDLLVKRTNFDYW	1	IGHV1-18	IGHJ4	rep_70
CTRSPLPYYLQDRNWFDPW	1	IGHV3-73	IGHJ5	rep_70
CARQGLRYDYW	1	IGHV5-51	IGHJ4	rep_70
CAIVGRAGFPYVVVPAAMRHYYYYYYMDVW	1	IGHV3-23	IGHJ6	rep_70
CARVFTMIVVVDGHNWFDPW	1	IGHV1-2	IGHJ5	rep_70
CARIAVIVVVNW	1	IGHV2-26	IGHJ4	rep_70
CTSTSYYDYIWGSYRRGRFDYW	1	IGHV3-15	IGHJ4	rep_70
CARDRGCDIVVVVAAGSLSPFDYW	1	IGHV1-3	IGHJ4	rep_70
CARAVFTDILTGPHFYYFDYW	1	IGHV3-20	IGHJ4	rep_70
CARISSRYYDFWSGYETDYW	1	IGHV2-70	IGHJ4	rep_70
CAKDRRYCSSTSCYTANPYW	1	IGHV3-NL1	IGHJ4	rep_70
CARDERPPLTMIVVVITVTYYFDYW	1	IGHV1-2	IGHJ4	rep_70
CAHHVEVEYCSGGSGNWYFDLW	1	IGHV1-2	IGHJ2	rep_70
CARGPHCTGGVCYRFDYTYYYYYMDVW	1	IGHV4-34	IGHJ6	rep_70
CARIIVLVVYAKPGPW	1	IGHV2-70	IGHJ5	rep_70
