sequence_aa	sequence	junction_aa	junction	freqs	v_call	d_call	j_call
		CASRCTQQLPLFDPW	TGTGCGAGCCGGTGTACGCAGCAGCTGCCCTTGTTCGACCCCTGG	0.01	IGHV3-21		IGHJ5
		CAMGIPSSKVINWFDPW	TGTGCGATGGGCATTCCCTCAAGCAAGGTCATCAACTGGTTCGACCCCTGG	0.01	IGHV3-30		IGHJ5
		CARVDFLITFGGVIVIFDYW	TGTGCGAGAGTGGACTTCTTGATTACATTTGGGGGAGTTATCGTTATTTTTGACTACTGG	0.01	IGHV4-34		IGHJ4
		CARPVATYPLVYYYYYYMDVW	TGTGCGAGACCCGTGGCTACGTATCCTTTAGTGTACTACTACTACTACTACATGGACGTCTGG	0.01	IGHV5-51		IGHJ6
		CARWDAGGIALGLGYCSSTSCHCFDYW	TGTGCGAGATGGGACGCCGGGGGGATCGCGTTGGGTCTAGGATATTGTAGTAGTACCAGCTGCCACTGCTTTGACTACTGG	0.01	IGHV5-10-1		IGHJ4
		CAREVAGAAMPVGNWFDPW	TGTGCGAGAGAGGTCGCTGGAGCTGCTATGCCGGTGGGCAACTGGTTCGACCCCTGG	0.01	IGHV1-2		IGHJ5
		CARIGPMAYYDILTGPYFDYW	TGTGCACGGATAGGACCGATGGCGTATTACGATATTTTGACTGGCCCCTACTTTGACTACTGG	0.01	IGHV2-26		IGHJ4
		CAKDSTYGSEGYW	TGTGCGAAAGATTCGACGTATGGTTCGGAGGGCTACTGG	0.01	IGHV3-NL1		IGHJ4
		CARDPRSGGSCYANFDYW	TGTGCGAGAGACCCACGTAGTGGTGGTAGCTGCTACGCAAACTTTGACTACTGG	0.01	IGHV3-30		IGHJ4
		CARDPALLYWWCMLSNPPGLGYILDYW	TGTGCGAGAGATCCCGCGTTATTGTACTGGTGGTGTATGCTATCGAATCCCCCGGGACTGGGGTATATTCTTGACTACTGG	0.01	IGHV4-61		IGHJ4
		CARIVVVPAAIFYRLNSYYYYYMDVW	TGTGCGAGAATTGTAGTAGTACCAGCTGCTATATTCTATCGCCTAAATAGCTACTACTACTACTACATGGACGTCTGG	0.01	IGHV1-2		IGHJ6
		CAKDLLIITGTTSILQRPYYYYMDVW	TGTGCGAAAGATCTCCTAATCATAACTGGAACTACTTCAATCCTCCAAAGGCCCTACTACTACTACATGGACGTCTGG	0.01	IGHV3-23		IGHJ6
		CASLDVVVVAATVDWFDPW	TGTGCGAGCCTCGATGTAGTGGTGGTAGCTGCTACCGTGGACTGGTTCGACCCCTGG	0.01	IGHV3-20		IGHJ5
		CARVVATINAKYW	TGTGCGAGAGTAGTGGCTACGATTAATGCTAAGTACTGG	0.01	IGHV7-4-1		IGHJ4
		CAGYGLPLARFYW	TGTGCGGGGTATGGACTACCTTTGGCGCGATTCTACTGG	0.01	IGHV3-30-3		IGHJ4
		CANLNHTMIVVVVDYW	TGTGCGAACCTAAACCATACTATGATAGTAGTGGTGGTTGACTACTGG	0.01	IGHV3-23		IGHJ4
		CAKDIRIVVVVAASLVDAFDIW	TGTGCAAAAGATATACGAATAGTAGTGGTGGTAGCTGCTAGTTTGGTTGATGCTTTTGATATCTGG	0.01	IGHV3-43		IGHJ3
		CASWNSVLRYFDWLYPDGVAPYYYYYMDVW	TGTGCTAGCTGGAACTCTGTATTACGATATTTTGACTGGTTATACCCCGACGGAGTCGCCCCTTACTACTACTACTACATGGACGTCTGG	0.01	IGHV3-72		IGHJ6
		CARATIAAAGGVW	TGTGCGAGAGCCACGATAGCAGCAGCTGGTGGGGTATGG	0.01	IGHV3-21		IGHJ4
		CARDASGWAAYFQHW	TGTGCGAGAGATGCCAGTGGCTGGGCGGCATACTTCCAGCACTGG	0.01	IGHV3-7		IGHJ1
		CASKSSSSWVDYW	TGTGCAAGTAAAAGTAGCAGCAGCTGGGTTGACTACTGG	0.01	IGHV3-13		IGHJ4
		CAKDARIAVAGIVNDAFDIW	TGTGCGAAAGATGCGCGAATAGCAGTGGCTGGAATCGTGAATGATGCTTTTGATATCTGG	0.01	IGHV3-NL1		IGHJ3
		CARDLSLPLDDIAAKPLIDYW	TGTGCAAGAGATCTAAGTCTACCCTTGGATGATATAGCAGCGAAGCCCCTTATTGACTACTGG	0.01	IGHV3-74		IGHJ4
		CARNDLGYCSSTSCYVLHYYYYYYMDVW	TGTGCACGGAACGATTTAGGATATTGTAGTAGTACCAGCTGCTATGTCCTTCATTACTACTACTACTACTACATGGACGTCTGG	0.01	IGHV2-26		IGHJ6
		CAKDLAGMIVEIPPTQGRFIEHW	TGTGCGAAAGATTTGGCCGGCATGATAGTAGAAATCCCCCCTACCCAAGGGCGTTTCATCGAGCACTGG	0.01	IGHV3-23		IGHJ1
		CASLEHIVVVTAIRGDYW	TGTGCGAGTTTGGAGCATATTGTGGTGGTGACTGCTATTCGGGGTGACTACTGG	0.01	IGHV1-69		IGHJ4
		CARAVGSPRYCSSTSCYARNLRRPYFDYW	TGTGCGAGAGCTGTGGGAAGCCCCAGATATTGTAGTAGTACCAGCTGCTATGCCCGCAACCTACGAAGGCCATACTTTGACTACTGG	0.01	IGHV4-59		IGHJ4
		CARTRQITMIFDYW	TGTGCGAGAACTCGGCAGATTACTATGATATTTGACTACTGG	0.01	IGHV3-64		IGHJ4
		CARADIVVVPAATYFDYW	TGTGCGAGAGCGGATATTGTAGTAGTACCAGCTGCCACCTACTTTGACTACTGG	0.01	IGHV4-38-2		IGHJ4
		CARGTIFGVVTWFDPW	TGTGCAAGGGGCACGATTTTTGGAGTGGTTACCTGGTTCGACCCCTGG	0.01	IGHV3-74		IGHJ5
		CAREWFAHIVVVVAATLRLGYW	TGTGCGAGAGAATGGTTCGCCCATATTGTAGTGGTGGTAGCTGCTACTCTTCGCCTGGGGTACTGG	0.01	IGHV4-61		IGHJ4
		CAKDAYYGSGSYYSQIFDYW	TGTGCGAAAGATGCCTACTATGGTTCGGGGAGTTATTATAGCCAAATATTTGACTACTGG	0.01	IGHV3-23		IGHJ4
		CAHFIVVVPAAPSYYYYYYMDVW	TGTGCACACTTTATTGTAGTAGTACCAGCTGCTCCCTCCTACTACTACTACTACTACATGGACGTCTGG	0.01	IGHV2-5		IGHJ6
		CARGLITFGGGSDAFDIW	TGTGCGAGAGGCCTGATTACATTTGGGGGAGGGTCCGATGCTTTTGATATCTGG	0.01	IGHV4-61		IGHJ3
		CAFITMIVVVVIDYW	TGTGCATTTATTACTATGATAGTAGTGGTCGTAATTGACTACTGG	0.01	IGHV3-NL1		IGHJ4
		CAREPFPKDIVVVVAAEDLYYYYYYMDVW	TGTGCGAGAGAACCATTTCCCAAGGATATTGTAGTGGTGGTAGCTGCCGAGGATCTTTACTACTACTACTACTACATGGACGTCTGG	0.01	IGHV4-59		IGHJ6
		CARDKIVVVVAAPSVWFDPW	TGTGCGAGAGATAAAATTGTAGTGGTGGTAGCTGCTCCTTCCGTATGGTTCGACCCCTGG	0.01	IGHV3-11		IGHJ5
		CARSYIVVVIAPTGEYFQHW	TGTGCAAGATCCTATATTGTGGTGGTGATTGCCCCCACTGGTGAATACTTCCAGCACTGG	0.01	IGHV3-13		IGHJ1
		CARCRGQFMTLGYCSGGSCYSPPLYW	TGTGCGAGATGTCGGGGGCAATTCATGACACTAGGATATTGTAGTGGTGGTAGCTGCTACTCACCCCCACTCTACTGG	0.01	IGHV1-18		IGHJ4
		CAKGQPGYCSGGSCSASHYYMDVW	TGTGCGAAAGGGCAACCCGGATATTGTAGTGGTGGTAGCTGCTCAGCGTCCCACTACTACATGGACGTCTGG	0.01	IGHV3-NL1		IGHJ6
		CAHRPYSSGWIDYW	TGTGCACACAGACCTTATAGCAGTGGCTGGATTGACTACTGG	0.01	IGHV2-5		IGHJ4
		CARGTPVYCSGGSCWCFDYW	TGTGCGAGAGGGACCCCTGTATATTGTAGTGGTGGTAGCTGCTGGTGCTTTGACTACTGG	0.01	IGHV3-53		IGHJ4
		CAKDVGPSLVWHPDAFDIW	TGTGCGAAAGATGTAGGCCCCAGCTTGGTTTGGCACCCCGATGCTTTTGATATCTGG	0.01	IGHV3-23		IGHJ3
		CTREKGVW	TGTACTAGAGAGAAGGGGGTATGG	0.01	IGHV3-49		IGHJ4
		CTTTPTVTTSLSLEPKRPGVLYYFDYW	TGTACCACAACCCCTACGGTGACTACATCCCTTTCATTAGAGCCGAAGAGACCGGGTGTTCTGTACTACTTTGACTACTGG	0.01	IGHV3-15		IGHJ4
		CARGYRYW	TGTGCGAGAGGGTACCGATACTGG	0.01	IGHV1-18		IGHJ4
		CARHVVTMIVVVILKSFGSQLPGRLW	TGTGCGAGACATGTGGTTACTATGATAGTAGTGGTTATTCTAAAGTCCTTCGGTAGTCAGCTCCCGGGGCGTCTCTGG	0.01	IGHV5-51		IGHJ4
		CTRSYDSSGYKQYYFDYW	TGTACTAGAAGCTATGATAGTAGTGGTTATAAACAGTACTACTTTGACTACTGG	0.01	IGHV3-49		IGHJ4
		CAKRGVSGLLKQCTRLIRHYYYYYYMDVW	TGTGCGAAACGCGGAGTTTCGGGGCTACTGAAACAGTGTACACGTTTAATTCGACATTACTACTACTACTACTACATGGACGTCTGG	0.01	IGHV3-NL1		IGHJ6
		CARTLERSRVTMVRGVTDFDYW	TGTGCGAGAACGTTAGAGAGAAGTAGGGTTACTATGGTTCGGGGAGTTACGGACTTTGACTACTGG	0.01	IGHV3-66		IGHJ4
		CAKGTAGRILTGYYQPVYYYYYYMDVW	TGTGCGAAAGGTACGGCGGGCCGTATTTTGACTGGTTATTACCAGCCCGTTTACTACTACTACTACTACATGGACGTCTGG	0.01	IGHV3-23		IGHJ6
		CASRGGSLLICTSGSYYYYYMDVW	TGTGCGAGCAGAGGGGGGTCCCTGTTAATATGTACCAGCGGGAGCTACTACTACTACTACATGGACGTCTGG	0.01	IGHV1-2		IGHJ6
		CARLGIGIRILYWWCMLYDPYYYYYMDVW	TGTGCGAGACTGGGAATTGGGATAAGGATATTGTACTGGTGGTGTATGCTATACGACCCGTACTACTACTACTACATGGACGTCTGG	0.01	IGHV5-51		IGHJ6
		CAKGDDPVVVVAATQWQHW	TGTGCGAAAGGTGACGACCCTGTAGTGGTGGTAGCTGCTACTCAATGGCAGCACTGG	0.01	IGHV3-23		IGHJ1
		CASKYYDSSGYNDYW	TGTGCGAGTAAATACTATGATAGTAGTGGTTATAATGACTACTGG	0.01	IGHV1-3		IGHJ4
		CATRYGSGTGW	TGTGCGACTCGCTATGGTTCAGGGACTGGCTGG	0.01	IGHV3-NL1		IGHJ5
		CARGWNHVPKLRGGSCYHQFDPW	TGTGCGAGAGGGTGGAATCATGTTCCGAAACTGCGGGGTGGTAGCTGCTACCACCAGTTCGACCCCTGG	0.01	IGHV1-3		IGHJ5
		CARIIPGSSGWYVVDYW	TGTGCACGGATAATTCCCGGTAGCAGTGGCTGGTACGTTGTTGACTACTGG	0.01	IGHV2-26		IGHJ4
		CARKEEYYYGSGSYTPMWFTNLYYYYYYYMDVW	TGTGCGAGAAAGGAAGAGTATTACTATGGTTCAGGGAGTTATACTCCCATGTGGTTTACGAATCTATATTACTACTACTACTACTACATGGACGTCTGG	0.01	IGHV7-4-1		IGHJ6
		CAHTFQQWLASYW	TGTGCACACACTTTCCAGCAGTGGCTGGCGAGCTACTGG	0.01	IGHV2-5		IGHJ4
		CAKVLRFLEWLLWDPGHSW	TGTGCGAAAGTGTTACGATTTTTGGAGTGGTTATTATGGGATCCCGGGCATAGCTGG	0.01	IGHV3-23		IGHJ5
		CAKHTQLEPYYFDYW	TGTGCGAAGCATACGCAGCTGGAGCCGTACTACTTTGACTACTGG	0.01	IGHV4-59		IGHJ4
		CARGREPTMIVVVSLYFQHW	TGTGCGAGAGGCCGGGAACCTACTATGATAGTAGTGGTTAGCTTATACTTCCAGCACTGG	0.01	IGHV1-18		IGHJ1
		CAWFGEFRDYFDYW	TGTGCGTGGTTCGGGGAGTTTCGTGACTACTTTGACTACTGG	0.01	IGHV3-11		IGHJ4
		CARGSITMVQGVIIRYYYYYYMDVW	TGTGCGAGAGGAAGTATTACTATGGTTCAGGGAGTTATTATAAGATACTACTACTACTACTACATGGACGTCTGG	0.01	IGHV4-4		IGHJ6
		CARASIVLLWFRDDDYW	TGTGCGAGAGCGTCCATAGTATTACTATGGTTCAGGGACGATGACTACTGG	0.01	IGHV4-4		IGHJ4
		CARDGEVWTPNSSSISWHIRPQCYYYYMDVW	TGTGCAAGAGATGGGGAGGTATGGACCCCAAATAGCAGCAGCATCTCATGGCATATCCGGCCCCAGTGTTACTACTACTACATGGACGTCTGG	0.01	IGHV3-74		IGHJ6
		CAHRRGFRIRSDYW	TGTGCACACAGACGGGGCTTTAGGATACGGTCTGACTACTGG	0.01	IGHV2-5		IGHJ4
		CAKEFYYGSGSYRNWFDPW	TGTGCGAAAGAGTTTTACTATGGTTCAGGGAGTTATCGGAACTGGTTCGACCCCTGG	0.01	IGHV3-NL1		IGHJ5
		CARATPAQWLFRFDPW	TGTGCGAGAGCGACCCCCGCCCAGTGGCTGTTTAGGTTCGACCCCTGG	0.01	IGHV3-21		IGHJ5
		CARGISGSCYSNLRVDYW	TGTGCGAGAGGCATCAGTGGTAGCTGCTACTCAAACCTGCGCGTTGACTACTGG	0.01	IGHV4-34		IGHJ4
		CARDRQGVPVAARRRQIDYW	TGTGCGAGAGATCGACAAGGGGTACCTGTAGCAGCTCGTAGGCGGCAAATTGACTACTGG	0.01	IGHV3-7		IGHJ4
		CARGPYPGDVLWWWGLYTSYW	TGTGCGAGAGGTCCCTACCCCGGAGACGTATTGTGGTGGTGGGGGTTGTATACTTCCTACTGG	0.01	IGHV1-2		IGHJ4
		CARRYIVVVAATRDFNGPAPLCYYYYYMDVW	TGTGCGAGACGTTATATAGTGGTGGTAGCTGCTACTCGAGACTTTAACGGGCCGGCCCCACTCTGTTACTACTACTACTACATGGACGTCTGG	0.01	IGHV5-51		IGHJ6
		CAKDDFGVVIIDGYYYYYMDVW	TGTGCGAAAGATGACTTTGGAGTGGTTATTATAGATGGCTACTACTACTACTACATGGACGTCTGG	0.01	IGHV3-NL1		IGHJ6
		CARRPSLPYYDFRQGNNWFDPW	TGTGCGAGAAGGCCCAGCCTGCCGTATTACGATTTTCGCCAGGGCAACAACTGGTTCGACCCCTGG	0.01	IGHV7-4-1		IGHJ5
		CARGFGWLQLEEYYFDYW	TGTGCGAGAGGATTTGGATGGCTACAATTAGAGGAGTACTACTTTGACTACTGG	0.01	IGHV4-59		IGHJ4
		CARRIIPSSGGSRAVAGQYYFDYW	TGTGCGAGACGCATTATCCCGTCTAGTGGTGGTAGCCGGGCAGTGGCCGGTCAGTACTACTTTGACTACTGG	0.01	IGHV1-3		IGHJ4
		CTTDKLNTILKTYW	TGTACCACAGATAAATTAAATACAATACTAAAGACCTACTGG	0.01	IGHV3-15		IGHJ4
		CAKDTGWSVATEYYYYMDVW	TGTGCGAAAGATACAGGGTGGAGTGTGGCTACGGAATACTACTACTACATGGACGTCTGG	0.01	IGHV3-NL1		IGHJ6
		CAKRRVVCSSTSCYVLNYYYYYYMDVW	TGTGCGAAGCGCAGGGTCGTTTGTAGTAGTACCAGCTGCTATGTACTTAATTACTACTACTACTACTACATGGACGTCTGG	0.01	IGHV3-NL1		IGHJ6
		CASSLRFLWVATGRPSGRRLPIGYW	TGTGCGAGTAGCTTACGATTTTTGTGGGTGGCAACGGGTCGGCCCTCGGGAAGAAGGCTACCTATCGGCTACTGG	0.01	IGHV3-20		IGHJ4
		CARALGDYYDSSGYYSYDAFDIW	TGTGCGAGAGCTCTAGGAGATTACTATGATAGTAGTGGTTATTACTCTTATGATGCTTTTGATATCTGG	0.01	IGHV4-34		IGHJ3
		CARRAPLIVVVPAAMSPYYYMDVW	TGTGCGAGGAGAGCCCCGTTAATTGTAGTAGTACCAGCTGCTATGAGTCCCTACTACTACATGGACGTCTGG	0.01	IGHV3-11		IGHJ6
		CASSSSRATMDVW	TGTGCTAGCAGCTCGTCCAGAGCGACGATGGACGTCTGG	0.01	IGHV3-23		IGHJ6
		CTTVPQWLGCGADAFDIW	TGTACCACAGTTCCGCAGTGGCTGGGTTGTGGCGCTGATGCTTTTGATATCTGG	0.01	IGHV3-15		IGHJ3
		CARDTDIVATIRNNWFDPW	TGTGCGAGAGACACGGATATAGTGGCTACGATTAGAAACAACTGGTTCGACCCCTGG	0.01	IGHV1-18		IGHJ5
		CASHDGGYDCESWFDPW	TGTGCGAGCCATGATGGTGGCTACGATTGCGAAAGCTGGTTCGACCCCTGG	0.01	IGHV5-10-1		IGHJ5
		CTRRGDLGYCSSTSCLMYYYYYYMDVW	TGTACTAGACGAGGGGACCTAGGATATTGTAGTAGTACCAGCTGCTTGATGTACTACTACTACTACTACATGGACGTCTGG	0.01	IGHV3-73		IGHJ6
		CAHSRHWQLLGCLLRFLEWLLSLWFDPW	TGTGCACACAGCCGGCATTGGCAACTTCTCGGTTGCTTATTACGATTTTTGGAGTGGTTATTATCCTTGTGGTTCGACCCCTGG	0.01	IGHV2-5		IGHJ5
		CASGGASGGSCYRRYFDLW	TGTGCGAGCGGAGGGGCCAGTGGTGGTAGCTGCTACCGGAGGTACTTCGATCTCTGG	0.01	IGHV7-4-1		IGHJ2
		CARGRPFWSGEDSGSAPSIYYYYYMDVW	TGTGCGAGGGGGAGGCCTTTTTGGAGTGGGGAGGATTCAGGTTCGGCCCCGTCAATCTACTACTACTACTACATGGACGTCTGG	0.01	IGHV3-20		IGHJ6
		CARAAGKKPPPKYRRITMIVVVVVGGTFDYW	TGTGCTAGAGCCGCGGGAAAAAAACCACCTCCTAAGTACAGACGTATTACTATGATAGTAGTGGTTGTGGTAGGGGGAACCTTTGACTACTGG	0.01	IGHV3-72		IGHJ4
		CAKDRPSDIVVVPAAYNWFDPW	TGTGCGAAAGATCGCCCCAGTGATATTGTAGTAGTACCAGCTGCGTACAACTGGTTCGACCCCTGG	0.01	IGHV3-23		IGHJ5
		CAKAPDYYGVRKRVAYYYYYMDVW	TGTGCGAAAGCGCCGGATTACTATGGGGTGCGCAAAAGGGTCGCCTACTACTACTACTACATGGACGTCTGG	0.01	IGHV3-NL1		IGHJ6
		CARGVVVDTAMVTSDAFDIW	TGTGCGAGAGGGGTAGTGGTGGATACAGCTATGGTTACTTCTGATGCTTTTGATATCTGG	0.01	IGHV5-51		IGHJ3
		CARRTGYSSGWYGSPPYCFDYW	TGTGCGAGACGGACCGGGTATAGCAGTGGCTGGTACGGGTCCCCCCCCTACTGCTTTGACTACTGG	0.01	IGHV4-39		IGHJ4
		CARDVARTRWTVPHNWFDPW	TGTGCGAGAGATGTTGCTCGGACCCGTTGGACCGTTCCCCACAACTGGTTCGACCCCTGG	0.01	IGHV3-7		IGHJ5
		CAKEAWTGTELGINYW	TGTGCGAAAGAAGCCTGGACGGGTACAGAACTGGGGATCAACTACTGG	0.01	IGHV3-23		IGHJ4
		CTRVMGSPYCSGGSCYNFFTYW	TGTACTAGAGTAATGGGATCACCATATTGTAGTGGTGGTAGCTGCTACAACTTTTTCACGTACTGG	0.01	IGHV3-49		IGHJ4
