Clones	Proportion	CDR3.nt	CDR3.aa	V.name	D.name	J.name	V.end	D.start	D.end
1	0.01	TGTGCGAGCCGGTGTACGCAGCAGCTGCCCTTGTTCGACCCCTGG	CASRCTQQLPLFDPW	IGHV3-21	NA	IGHJ5	NA	NA	NA
1	0.01	TGTGCGATGGGCATTCCCTCAAGCAAGGTCATCAACTGGTTCGACCCCTGG	CAMGIPSSKVINWFDPW	IGHV3-30	NA	IGHJ5	NA	NA	NA
1	0.01	TGTGCGAGAGTGGACTTCTTGATTACATTTGGGGGAGTTATCGTTATTTTTGACTACTGG	CARVDFLITFGGVIVIFDYW	IGHV4-34	NA	IGHJ4	NA	NA	NA
1	0.01	TGTGCGAGACCCGTGGCTACGTATCCTTTAGTGTACTACTACTACTACTACATGGACGTCTGG	CARPVATYPLVYYYYYYMDVW	IGHV5-51	NA	IGHJ6	NA	NA	NA
1	0.01	TGTGCGAGATGGGACGCCGGGGGGATCGCGTTGGGTCTAGGATATTGTAGTAGTACCAGCTGCCACTGCTTTGACTACTGG	CARWDAGGIALGLGYCSSTSCHCFDYW	IGHV5-10-1	NA	IGHJ4	NA	NA	NA
1	0.01	TGTGCGAGAGAGGTCGCTGGAGCTGCTATGCCGGTGGGCAACTGGTTCGACCCCTGG	CAREVAGAAMPVGNWFDPW	IGHV1-2	NA	IGHJ5	NA	NA	NA
1	0.01	TGTGCACGGATAGGACCGATGGCGTATTACGATATTTTGACTGGCCCCTACTTTGACTACTGG	CARIGPMAYYDILTGPYFDYW	IGHV2-26	NA	IGHJ4	NA	NA	NA
1	0.01	TGTGCGAAAGATTCGACGTATGGTTCGGAGGGCTACTGG	CAKDSTYGSEGYW	IGHV3-NL1	NA	IGHJ4	NA	NA	NA
1	0.01	TGTGCGAGAGACCCACGTAGTGGTGGTAGCTGCTACGCAAACTTTGACTACTGG	CARDPRSGGSCYANFDYW	IGHV3-30	NA	IGHJ4	NA	NA	NA
1	0.01	TGTGCGAGAGATCCCGCGTTATTGTACTGGTGGTGTATGCTATCGAATCCCCCGGGACTGGGGTATATTCTTGACTACTGG	CARDPALLYWWCMLSNPPGLGYILDYW	IGHV4-61	NA	IGHJ4	NA	NA	NA
1	0.01	TGTGCGAGAATTGTAGTAGTACCAGCTGCTATATTCTATCGCCTAAATAGCTACTACTACTACTACATGGACGTCTGG	CARIVVVPAAIFYRLNSYYYYYMDVW	IGHV1-2	NA	IGHJ6	NA	NA	NA
1	0.01	TGTGCGAAAGATCTCCTAATCATAACTGGAACTACTTCAATCCTCCAAAGGCCCTACTACTACTACATGGACGTCTGG	CAKDLLIITGTTSILQRPYYYYMDVW	IGHV3-23	NA	IGHJ6	NA	NA	NA
1	0.01	TGTGCGAGCCTCGATGTAGTGGTGGTAGCTGCTACCGTGGACTGGTTCGACCCCTGG	CASLDVVVVAATVDWFDPW	IGHV3-20	NA	IGHJ5	NA	NA	NA
1	0.01	TGTGCGAGAGTAGTGGCTACGATTAATGCTAAGTACTGG	CARVVATINAKYW	IGHV7-4-1	NA	IGHJ4	NA	NA	NA
1	0.01	TGTGCGGGGTATGGACTACCTTTGGCGCGATTCTACTGG	CAGYGLPLARFYW	IGHV3-30-3	NA	IGHJ4	NA	NA	NA
1	0.01	TGTGCGAACCTAAACCATACTATGATAGTAGTGGTGGTTGACTACTGG	CANLNHTMIVVVVDYW	IGHV3-23	NA	IGHJ4	NA	NA	NA
1	0.01	TGTGCAAAAGATATACGAATAGTAGTGGTGGTAGCTGCTAGTTTGGTTGATGCTTTTGATATCTGG	CAKDIRIVVVVAASLVDAFDIW	IGHV3-43	NA	IGHJ3	NA	NA	NA
1	0.01	TGTGCTAGCTGGAACTCTGTATTACGATATTTTGACTGGTTATACCCCGACGGAGTCGCCCCTTACTACTACTACTACATGGACGTCTGG	CASWNSVLRYFDWLYPDGVAPYYYYYMDVW	IGHV3-72	NA	IGHJ6	NA	NA	NA
1	0.01	TGTGCGAGAGCCACGATAGCAGCAGCTGGTGGGGTATGG	CARATIAAAGGVW	IGHV3-21	NA	IGHJ4	NA	NA	NA
1	0.01	TGTGCGAGAGATGCCAGTGGCTGGGCGGCATACTTCCAGCACTGG	CARDASGWAAYFQHW	IGHV3-7	NA	IGHJ1	NA	NA	NA
1	0.01	TGTGCAAGTAAAAGTAGCAGCAGCTGGGTTGACTACTGG	CASKSSSSWVDYW	IGHV3-13	NA	IGHJ4	NA	NA	NA
1	0.01	TGTGCGAAAGATGCGCGAATAGCAGTGGCTGGAATCGTGAATGATGCTTTTGATATCTGG	CAKDARIAVAGIVNDAFDIW	IGHV3-NL1	NA	IGHJ3	NA	NA	NA
1	0.01	TGTGCAAGAGATCTAAGTCTACCCTTGGATGATATAGCAGCGAAGCCCCTTATTGACTACTGG	CARDLSLPLDDIAAKPLIDYW	IGHV3-74	NA	IGHJ4	NA	NA	NA
1	0.01	TGTGCACGGAACGATTTAGGATATTGTAGTAGTACCAGCTGCTATGTCCTTCATTACTACTACTACTACTACATGGACGTCTGG	CARNDLGYCSSTSCYVLHYYYYYYMDVW	IGHV2-26	NA	IGHJ6	NA	NA	NA
1	0.01	TGTGCGAAAGATTTGGCCGGCATGATAGTAGAAATCCCCCCTACCCAAGGGCGTTTCATCGAGCACTGG	CAKDLAGMIVEIPPTQGRFIEHW	IGHV3-23	NA	IGHJ1	NA	NA	NA
1	0.01	TGTGCGAGTTTGGAGCATATTGTGGTGGTGACTGCTATTCGGGGTGACTACTGG	CASLEHIVVVTAIRGDYW	IGHV1-69	NA	IGHJ4	NA	NA	NA
1	0.01	TGTGCGAGAGCTGTGGGAAGCCCCAGATATTGTAGTAGTACCAGCTGCTATGCCCGCAACCTACGAAGGCCATACTTTGACTACTGG	CARAVGSPRYCSSTSCYARNLRRPYFDYW	IGHV4-59	NA	IGHJ4	NA	NA	NA
1	0.01	TGTGCGAGAACTCGGCAGATTACTATGATATTTGACTACTGG	CARTRQITMIFDYW	IGHV3-64	NA	IGHJ4	NA	NA	NA
1	0.01	TGTGCGAGAGCGGATATTGTAGTAGTACCAGCTGCCACCTACTTTGACTACTGG	CARADIVVVPAATYFDYW	IGHV4-38-2	NA	IGHJ4	NA	NA	NA
1	0.01	TGTGCAAGGGGCACGATTTTTGGAGTGGTTACCTGGTTCGACCCCTGG	CARGTIFGVVTWFDPW	IGHV3-74	NA	IGHJ5	NA	NA	NA
1	0.01	TGTGCGAGAGAATGGTTCGCCCATATTGTAGTGGTGGTAGCTGCTACTCTTCGCCTGGGGTACTGG	CAREWFAHIVVVVAATLRLGYW	IGHV4-61	NA	IGHJ4	NA	NA	NA
1	0.01	TGTGCGAAAGATGCCTACTATGGTTCGGGGAGTTATTATAGCCAAATATTTGACTACTGG	CAKDAYYGSGSYYSQIFDYW	IGHV3-23	NA	IGHJ4	NA	NA	NA
1	0.01	TGTGCACACTTTATTGTAGTAGTACCAGCTGCTCCCTCCTACTACTACTACTACTACATGGACGTCTGG	CAHFIVVVPAAPSYYYYYYMDVW	IGHV2-5	NA	IGHJ6	NA	NA	NA
1	0.01	TGTGCGAGAGGCCTGATTACATTTGGGGGAGGGTCCGATGCTTTTGATATCTGG	CARGLITFGGGSDAFDIW	IGHV4-61	NA	IGHJ3	NA	NA	NA
1	0.01	TGTGCATTTATTACTATGATAGTAGTGGTCGTAATTGACTACTGG	CAFITMIVVVVIDYW	IGHV3-NL1	NA	IGHJ4	NA	NA	NA
1	0.01	TGTGCGAGAGAACCATTTCCCAAGGATATTGTAGTGGTGGTAGCTGCCGAGGATCTTTACTACTACTACTACTACATGGACGTCTGG	CAREPFPKDIVVVVAAEDLYYYYYYMDVW	IGHV4-59	NA	IGHJ6	NA	NA	NA
1	0.01	TGTGCGAGAGATAAAATTGTAGTGGTGGTAGCTGCTCCTTCCGTATGGTTCGACCCCTGG	CARDKIVVVVAAPSVWFDPW	IGHV3-11	NA	IGHJ5	NA	NA	NA
1	0.01	TGTGCAAGATCCTATATTGTGGTGGTGATTGCCCCCACTGGTGAATACTTCCAGCACTGG	CARSYIVVVIAPTGEYFQHW	IGHV3-13	NA	IGHJ1	NA	NA	NA
1	0.01	TGTGCGAGATGTCGGGGGCAATTCATGACACTAGGATATTGTAGTGGTGGTAGCTGCTACTCACCCCCACTCTACTGG	CARCRGQFMTLGYCSGGSCYSPPLYW	IGHV1-18	NA	IGHJ4	NA	NA	NA
1	0.01	TGTGCGAAAGGGCAACCCGGATATTGTAGTGGTGGTAGCTGCTCAGCGTCCCACTACTACATGGACGTCTGG	CAKGQPGYCSGGSCSASHYYMDVW	IGHV3-NL1	NA	IGHJ6	NA	NA	NA
1	0.01	TGTGCACACAGACCTTATAGCAGTGGCTGGATTGACTACTGG	CAHRPYSSGWIDYW	IGHV2-5	NA	IGHJ4	NA	NA	NA
1	0.01	TGTGCGAGAGGGACCCCTGTATATTGTAGTGGTGGTAGCTGCTGGTGCTTTGACTACTGG	CARGTPVYCSGGSCWCFDYW	IGHV3-53	NA	IGHJ4	NA	NA	NA
1	0.01	TGTGCGAAAGATGTAGGCCCCAGCTTGGTTTGGCACCCCGATGCTTTTGATATCTGG	CAKDVGPSLVWHPDAFDIW	IGHV3-23	NA	IGHJ3	NA	NA	NA
1	0.01	TGTACTAGAGAGAAGGGGGTATGG	CTREKGVW	IGHV3-49	NA	IGHJ4	NA	NA	NA
1	0.01	TGTACCACAACCCCTACGGTGACTACATCCCTTTCATTAGAGCCGAAGAGACCGGGTGTTCTGTACTACTTTGACTACTGG	CTTTPTVTTSLSLEPKRPGVLYYFDYW	IGHV3-15	NA	IGHJ4	NA	NA	NA
1	0.01	TGTGCGAGAGGGTACCGATACTGG	CARGYRYW	IGHV1-18	NA	IGHJ4	NA	NA	NA
1	0.01	TGTGCGAGACATGTGGTTACTATGATAGTAGTGGTTATTCTAAAGTCCTTCGGTAGTCAGCTCCCGGGGCGTCTCTGG	CARHVVTMIVVVILKSFGSQLPGRLW	IGHV5-51	NA	IGHJ4	NA	NA	NA
1	0.01	TGTACTAGAAGCTATGATAGTAGTGGTTATAAACAGTACTACTTTGACTACTGG	CTRSYDSSGYKQYYFDYW	IGHV3-49	NA	IGHJ4	NA	NA	NA
1	0.01	TGTGCGAAACGCGGAGTTTCGGGGCTACTGAAACAGTGTACACGTTTAATTCGACATTACTACTACTACTACTACATGGACGTCTGG	CAKRGVSGLLKQCTRLIRHYYYYYYMDVW	IGHV3-NL1	NA	IGHJ6	NA	NA	NA
1	0.01	TGTGCGAGAACGTTAGAGAGAAGTAGGGTTACTATGGTTCGGGGAGTTACGGACTTTGACTACTGG	CARTLERSRVTMVRGVTDFDYW	IGHV3-66	NA	IGHJ4	NA	NA	NA
1	0.01	TGTGCGAAAGGTACGGCGGGCCGTATTTTGACTGGTTATTACCAGCCCGTTTACTACTACTACTACTACATGGACGTCTGG	CAKGTAGRILTGYYQPVYYYYYYMDVW	IGHV3-23	NA	IGHJ6	NA	NA	NA
1	0.01	TGTGCGAGCAGAGGGGGGTCCCTGTTAATATGTACCAGCGGGAGCTACTACTACTACTACATGGACGTCTGG	CASRGGSLLICTSGSYYYYYMDVW	IGHV1-2	NA	IGHJ6	NA	NA	NA
1	0.01	TGTGCGAGACTGGGAATTGGGATAAGGATATTGTACTGGTGGTGTATGCTATACGACCCGTACTACTACTACTACATGGACGTCTGG	CARLGIGIRILYWWCMLYDPYYYYYMDVW	IGHV5-51	NA	IGHJ6	NA	NA	NA
1	0.01	TGTGCGAAAGGTGACGACCCTGTAGTGGTGGTAGCTGCTACTCAATGGCAGCACTGG	CAKGDDPVVVVAATQWQHW	IGHV3-23	NA	IGHJ1	NA	NA	NA
1	0.01	TGTGCGAGTAAATACTATGATAGTAGTGGTTATAATGACTACTGG	CASKYYDSSGYNDYW	IGHV1-3	NA	IGHJ4	NA	NA	NA
1	0.01	TGTGCGACTCGCTATGGTTCAGGGACTGGCTGG	CATRYGSGTGW	IGHV3-NL1	NA	IGHJ5	NA	NA	NA
1	0.01	TGTGCGAGAGGGTGGAATCATGTTCCGAAACTGCGGGGTGGTAGCTGCTACCACCAGTTCGACCCCTGG	CARGWNHVPKLRGGSCYHQFDPW	IGHV1-3	NA	IGHJ5	NA	NA	NA
1	0.01	TGTGCACGGATAATTCCCGGTAGCAGTGGCTGGTACGTTGTTGACTACTGG	CARIIPGSSGWYVVDYW	IGHV2-26	NA	IGHJ4	NA	NA	NA
1	0.01	TGTGCGAGAAAGGAAGAGTATTACTATGGTTCAGGGAGTTATACTCCCATGTGGTTTACGAATCTATATTACTACTACTACTACTACATGGACGTCTGG	CARKEEYYYGSGSYTPMWFTNLYYYYYYYMDVW	IGHV7-4-1	NA	IGHJ6	NA	NA	NA
1	0.01	TGTGCACACACTTTCCAGCAGTGGCTGGCGAGCTACTGG	CAHTFQQWLASYW	IGHV2-5	NA	IGHJ4	NA	NA	NA
1	0.01	TGTGCGAAAGTGTTACGATTTTTGGAGTGGTTATTATGGGATCCCGGGCATAGCTGG	CAKVLRFLEWLLWDPGHSW	IGHV3-23	NA	IGHJ5	NA	NA	NA
1	0.01	TGTGCGAAGCATACGCAGCTGGAGCCGTACTACTTTGACTACTGG	CAKHTQLEPYYFDYW	IGHV4-59	NA	IGHJ4	NA	NA	NA
1	0.01	TGTGCGAGAGGCCGGGAACCTACTATGATAGTAGTGGTTAGCTTATACTTCCAGCACTGG	CARGREPTMIVVVSLYFQHW	IGHV1-18	NA	IGHJ1	NA	NA	NA
1	0.01	TGTGCGTGGTTCGGGGAGTTTCGTGACTACTTTGACTACTGG	CAWFGEFRDYFDYW	IGHV3-11	NA	IGHJ4	NA	NA	NA
1	0.01	TGTGCGAGAGGAAGTATTACTATGGTTCAGGGAGTTATTATAAGATACTACTACTACTACTACATGGACGTCTGG	CARGSITMVQGVIIRYYYYYYMDVW	IGHV4-4	NA	IGHJ6	NA	NA	NA
1	0.01	TGTGCGAGAGCGTCCATAGTATTACTATGGTTCAGGGACGATGACTACTGG	CARASIVLLWFRDDDYW	IGHV4-4	NA	IGHJ4	NA	NA	NA
1	0.01	TGTGCAAGAGATGGGGAGGTATGGACCCCAAATAGCAGCAGCATCTCATGGCATATCCGGCCCCAGTGTTACTACTACTACATGGACGTCTGG	CARDGEVWTPNSSSISWHIRPQCYYYYMDVW	IGHV3-74	NA	IGHJ6	NA	NA	NA
1	0.01	TGTGCACACAGACGGGGCTTTAGGATACGGTCTGACTACTGG	CAHRRGFRIRSDYW	IGHV2-5	NA	IGHJ4	NA	NA	NA
1	0.01	TGTGCGAAAGAGTTTTACTATGGTTCAGGGAGTTATCGGAACTGGTTCGACCCCTGG	CAKEFYYGSGSYRNWFDPW	IGHV3-NL1	NA	IGHJ5	NA	NA	NA
1	0.01	TGTGCGAGAGCGACCCCCGCCCAGTGGCTGTTTAGGTTCGACCCCTGG	CARATPAQWLFRFDPW	IGHV3-21	NA	IGHJ5	NA	NA	NA
1	0.01	TGTGCGAGAGGCATCAGTGGTAGCTGCTACTCAAACCTGCGCGTTGACTACTGG	CARGISGSCYSNLRVDYW	IGHV4-34	NA	IGHJ4	NA	NA	NA
1	0.01	TGTGCGAGAGATCGACAAGGGGTACCTGTAGCAGCTCGTAGGCGGCAAATTGACTACTGG	CARDRQGVPVAARRRQIDYW	IGHV3-7	NA	IGHJ4	NA	NA	NA
1	0.01	TGTGCGAGAGGTCCCTACCCCGGAGACGTATTGTGGTGGTGGGGGTTGTATACTTCCTACTGG	CARGPYPGDVLWWWGLYTSYW	IGHV1-2	NA	IGHJ4	NA	NA	NA
1	0.01	TGTGCGAGACGTTATATAGTGGTGGTAGCTGCTACTCGAGACTTTAACGGGCCGGCCCCACTCTGTTACTACTACTACTACATGGACGTCTGG	CARRYIVVVAATRDFNGPAPLCYYYYYMDVW	IGHV5-51	NA	IGHJ6	NA	NA	NA
1	0.01	TGTGCGAAAGATGACTTTGGAGTGGTTATTATAGATGGCTACTACTACTACTACATGGACGTCTGG	CAKDDFGVVIIDGYYYYYMDVW	IGHV3-NL1	NA	IGHJ6	NA	NA	NA
1	0.01	TGTGCGAGAAGGCCCAGCCTGCCGTATTACGATTTTCGCCAGGGCAACAACTGGTTCGACCCCTGG	CARRPSLPYYDFRQGNNWFDPW	IGHV7-4-1	NA	IGHJ5	NA	NA	NA
1	0.01	TGTGCGAGAGGATTTGGATGGCTACAATTAGAGGAGTACTACTTTGACTACTGG	CARGFGWLQLEEYYFDYW	IGHV4-59	NA	IGHJ4	NA	NA	NA
1	0.01	TGTGCGAGACGCATTATCCCGTCTAGTGGTGGTAGCCGGGCAGTGGCCGGTCAGTACTACTTTGACTACTGG	CARRIIPSSGGSRAVAGQYYFDYW	IGHV1-3	NA	IGHJ4	NA	NA	NA
1	0.01	TGTACCACAGATAAATTAAATACAATACTAAAGACCTACTGG	CTTDKLNTILKTYW	IGHV3-15	NA	IGHJ4	NA	NA	NA
1	0.01	TGTGCGAAAGATACAGGGTGGAGTGTGGCTACGGAATACTACTACTACATGGACGTCTGG	CAKDTGWSVATEYYYYMDVW	IGHV3-NL1	NA	IGHJ6	NA	NA	NA
1	0.01	TGTGCGAAGCGCAGGGTCGTTTGTAGTAGTACCAGCTGCTATGTACTTAATTACTACTACTACTACTACATGGACGTCTGG	CAKRRVVCSSTSCYVLNYYYYYYMDVW	IGHV3-NL1	NA	IGHJ6	NA	NA	NA
1	0.01	TGTGCGAGTAGCTTACGATTTTTGTGGGTGGCAACGGGTCGGCCCTCGGGAAGAAGGCTACCTATCGGCTACTGG	CASSLRFLWVATGRPSGRRLPIGYW	IGHV3-20	NA	IGHJ4	NA	NA	NA
1	0.01	TGTGCGAGAGCTCTAGGAGATTACTATGATAGTAGTGGTTATTACTCTTATGATGCTTTTGATATCTGG	CARALGDYYDSSGYYSYDAFDIW	IGHV4-34	NA	IGHJ3	NA	NA	NA
1	0.01	TGTGCGAGGAGAGCCCCGTTAATTGTAGTAGTACCAGCTGCTATGAGTCCCTACTACTACATGGACGTCTGG	CARRAPLIVVVPAAMSPYYYMDVW	IGHV3-11	NA	IGHJ6	NA	NA	NA
1	0.01	TGTGCTAGCAGCTCGTCCAGAGCGACGATGGACGTCTGG	CASSSSRATMDVW	IGHV3-23	NA	IGHJ6	NA	NA	NA
1	0.01	TGTACCACAGTTCCGCAGTGGCTGGGTTGTGGCGCTGATGCTTTTGATATCTGG	CTTVPQWLGCGADAFDIW	IGHV3-15	NA	IGHJ3	NA	NA	NA
1	0.01	TGTGCGAGAGACACGGATATAGTGGCTACGATTAGAAACAACTGGTTCGACCCCTGG	CARDTDIVATIRNNWFDPW	IGHV1-18	NA	IGHJ5	NA	NA	NA
1	0.01	TGTGCGAGCCATGATGGTGGCTACGATTGCGAAAGCTGGTTCGACCCCTGG	CASHDGGYDCESWFDPW	IGHV5-10-1	NA	IGHJ5	NA	NA	NA
1	0.01	TGTACTAGACGAGGGGACCTAGGATATTGTAGTAGTACCAGCTGCTTGATGTACTACTACTACTACTACATGGACGTCTGG	CTRRGDLGYCSSTSCLMYYYYYYMDVW	IGHV3-73	NA	IGHJ6	NA	NA	NA
1	0.01	TGTGCACACAGCCGGCATTGGCAACTTCTCGGTTGCTTATTACGATTTTTGGAGTGGTTATTATCCTTGTGGTTCGACCCCTGG	CAHSRHWQLLGCLLRFLEWLLSLWFDPW	IGHV2-5	NA	IGHJ5	NA	NA	NA
1	0.01	TGTGCGAGCGGAGGGGCCAGTGGTGGTAGCTGCTACCGGAGGTACTTCGATCTCTGG	CASGGASGGSCYRRYFDLW	IGHV7-4-1	NA	IGHJ2	NA	NA	NA
1	0.01	TGTGCGAGGGGGAGGCCTTTTTGGAGTGGGGAGGATTCAGGTTCGGCCCCGTCAATCTACTACTACTACTACATGGACGTCTGG	CARGRPFWSGEDSGSAPSIYYYYYMDVW	IGHV3-20	NA	IGHJ6	NA	NA	NA
1	0.01	TGTGCTAGAGCCGCGGGAAAAAAACCACCTCCTAAGTACAGACGTATTACTATGATAGTAGTGGTTGTGGTAGGGGGAACCTTTGACTACTGG	CARAAGKKPPPKYRRITMIVVVVVGGTFDYW	IGHV3-72	NA	IGHJ4	NA	NA	NA
1	0.01	TGTGCGAAAGATCGCCCCAGTGATATTGTAGTAGTACCAGCTGCGTACAACTGGTTCGACCCCTGG	CAKDRPSDIVVVPAAYNWFDPW	IGHV3-23	NA	IGHJ5	NA	NA	NA
1	0.01	TGTGCGAAAGCGCCGGATTACTATGGGGTGCGCAAAAGGGTCGCCTACTACTACTACTACATGGACGTCTGG	CAKAPDYYGVRKRVAYYYYYMDVW	IGHV3-NL1	NA	IGHJ6	NA	NA	NA
1	0.01	TGTGCGAGAGGGGTAGTGGTGGATACAGCTATGGTTACTTCTGATGCTTTTGATATCTGG	CARGVVVDTAMVTSDAFDIW	IGHV5-51	NA	IGHJ3	NA	NA	NA
1	0.01	TGTGCGAGACGGACCGGGTATAGCAGTGGCTGGTACGGGTCCCCCCCCTACTGCTTTGACTACTGG	CARRTGYSSGWYGSPPYCFDYW	IGHV4-39	NA	IGHJ4	NA	NA	NA
1	0.01	TGTGCGAGAGATGTTGCTCGGACCCGTTGGACCGTTCCCCACAACTGGTTCGACCCCTGG	CARDVARTRWTVPHNWFDPW	IGHV3-7	NA	IGHJ5	NA	NA	NA
1	0.01	TGTGCGAAAGAAGCCTGGACGGGTACAGAACTGGGGATCAACTACTGG	CAKEAWTGTELGINYW	IGHV3-23	NA	IGHJ4	NA	NA	NA
1	0.01	TGTACTAGAGTAATGGGATCACCATATTGTAGTGGTGGTAGCTGCTACAACTTTTTCACGTACTGG	CTRVMGSPYCSGGSCYNFFTYW	IGHV3-49	NA	IGHJ4	NA	NA	NA
