count	frequency	CDR3nt	CDR3aa	V	D	J
1	0.01	TGTGCAAGAGGTCGGATTGTAGTGGTGGTAGCTGCTACCCATCGGTTTTGTGTCCTTGACTACTGG	CARGRIVVVVAATHRFCVLDYW	IGHV3-13	.	IGHJ4
1	0.01	TGTGCGAGGGGTCCTTATTGTACTGGTGGTGTATGCTATGGGGAGATGCACTTTGACTACTGG	CARGPYCTGGVCYGEMHFDYW	IGHV4-59	.	IGHJ4
1	0.01	TGTGCGAGACTTGGTGAGGGGGATATTGTAGTAGTACCAGCTGCTATGCCCTGGTTCGACCCCTGG	CARLGEGDIVVVPAAMPWFDPW	IGHV1-3	.	IGHJ5
1	0.01	TGTGCGAGAGCCCAAAATTACTATGGTTCGGGGAGTTATTATAACCGCACTCGGACCTACTTTGACTACTGG	CARAQNYYGSGSYYNRTRTYFDYW	IGHV1-46	.	IGHJ4
1	0.01	TGTGCGAGAGAGATGGCATTTTATATTTTTGGTTCGGGGAGTTATTATAACGGACTCCTCCTCTCAAGGCGGTTGCGGAACATGTTCCCCATTGATTTCTTTGACTACTGG	CAREMAFYIFGSGSYYNGLLLSRRLRNMFPIDFFDYW	IGHV4-34	.	IGHJ4
1	0.01	TGTGCGAGAGTGTCCTTAGGAGTTTCAAGGTTTTACGATTTTTGGAGTGGTTATTATGGGGGGCGTGCTTTTGATATCTGG	CARVSLGVSRFYDFWSGYYGGRAFDIW	IGHV4-59	.	IGHJ3
1	0.01	TGTGCAACAGGCCCTCCTACTATGATAGTAGTGGTTATTACTACGTTTAAGCTTGACTACTGG	CATGPPTMIVVVITTFKLDYW	IGHV1-24	.	IGHJ4
1	0.01	TGTGCGAGAGCTTGTCGTGGCTACGATACTTTTGACTACTGG	CARACRGYDTFDYW	IGHV1-18	.	IGHJ4
1	0.01	TGTGCGAGAGAAGGTCTTGTAGTAGTACCAGCTGCTAAAGTCATGGACGTCTGG	CAREGLVVVPAAKVMDVW	IGHV3-7	.	IGHJ6
1	0.01	TGTGCGAGAGATTGGACGTTTTTTGACTGGTTATTGGTCTTTGACTACTGG	CARDWTFFDWLLVFDYW	IGHV4-61	.	IGHJ4
1	0.01	TGTGCGAGAGGCGGGGATTCTTACGATTTTTGGAGTGGTTATTATACTTTACACTTTGACTACTGG	CARGGDSYDFWSGYYTLHFDYW	IGHV5-51	.	IGHJ4
1	0.01	TGTGCGAGAATACCCTGTAGTACGATAGCAGCAGCTGTCCACGACCCCTGG	CARIPCSTIAAAVHDPW	IGHV1-69	.	IGHJ5
1	0.01	TGTGCGAGAGATGAAGGGGGGGAGTTATGGCTTTGCTGCCCCCCGAGGTGTGATGCTTTTGATATCTGG	CARDEGGELWLCCPPRCDAFDIW	IGHV4-59	.	IGHJ3
1	0.01	TGTACCACAGTCCCCCCAGGGCCAGACTTCCCCTATGAGTATTACTATGATAGTAGTGGTTATTACTACAATTACCAATACTTCCAGCACTGG	CTTVPPGPDFPYEYYYDSSGYYYNYQYFQHW	IGHV3-15	.	IGHJ1
1	0.01	TGTGCGAAAGAGGAAGGGCAGCCACGATTTTTGGAGTGGTTATTCGGCTGGGGCTGGTTCGACCCCTGG	CAKEEGQPRFLEWLFGWGWFDPW	IGHV3-23	.	IGHJ5
1	0.01	TGTGCGAAAGATGGGCTGCCCCAGTGGCTACGATTAACCCCTTTTGACTACTGG	CAKDGLPQWLRLTPFDYW	IGHV3-23	.	IGHJ4
1	0.01	TGTGCGAGAGCCGGTCCTGGTGGTGTATGCTATTGCTACTACTACTACATGGACGTCTGG	CARAGPGGVCYCYYYYMDVW	IGHV3-7	.	IGHJ6
1	0.01	TGTGCGAGAGACGGACTGTGGGGGGGGCATATTGTGGTGGTGACTGCTATTCCCTCGTACTGG	CARDGLWGGHIVVVTAIPSYW	IGHV1-69	.	IGHJ4
1	0.01	TGTGCGAGACGCTGGGGACGGACCGGGGATTACGATTTTTGGAGTGGTTACCTGCCCCACGACTACTGG	CARRWGRTGDYDFWSGYLPHDYW	IGHV7-4-1	.	IGHJ4
1	0.01	TGTACCGTCGAATCCCCCCAAGGTTCTATAGTAGTACCAGCTGCTAGTCCCACCCGGGGGCCCTGTACGCCCGTGGACTACTGG	CTVESPQGSIVVPAASPTRGPCTPVDYW	IGHV3-49	.	IGHJ4
1	0.01	TGTGCGAGAGATGTAACGCCGAATAGTGGTGGTAGCTGCTACCAGGCTAGTGGGAACCACTACTGG	CARDVTPNSGGSCYQASGNHYW	IGHV3-20	.	IGHJ4
1	0.01	TGTGCGGGGGGGGATTACGATTTTTGGAGTGGTTATTACCACGGAAAATGGTTCGACCCCTGG	CAGGDYDFWSGYYHGKWFDPW	IGHV5-10-1	.	IGHJ5
1	0.01	TGTGCGAGAAGATCAAGTATAGTAGTAGTACCAGCTGCTATGCGGAATGACTACTGG	CARRSSIVVVPAAMRNDYW	IGHV1-18	.	IGHJ4
1	0.01	TGTGCACACAGTTCTAGCCCGGGTATAGCAGTGGCTGGTACGTATTTAGGTCCCCGGGCGTTCGGTCCATGG	CAHSSSPGIAVAGTYLGPRAFGPW	IGHV2-5	.	IGHJ4
1	0.01	TGTGCGAGACGGCCTGTGGTGGTAGCTGCTAGGATTTGGTACTTCGATCTCTGG	CARRPVVVAARIWYFDLW	IGHV3-11	.	IGHJ2
1	0.01	TGTGCGAGAGGGGATGATAGTAGTGGTTATGGTGAGGCCCCACACACTGATGCTTTTGATATCTGG	CARGDDSSGYGEAPHTDAFDIW	IGHV4-61	.	IGHJ3
1	0.01	TGTGCGAGAGATCGCTTCCTAGATTTTTGGAGTGGTTATTCGGTGTACTGG	CARDRFLDFWSGYSVYW	IGHV4-59	.	IGHJ4
1	0.01	TGTGCCAGACAGTGGCTGGTGGGGTTTGACTACTGG	CARQWLVGFDYW	IGHV3-53	.	IGHJ4
1	0.01	TGTGCGAGAGGGGCTTTATTAGTAGTACCAGCTGCTATGCGCTTGACATACTACTACTACTACATGGACGTCTGG	CARGALLVVPAAMRLTYYYYYMDVW	IGHV4-38-2	.	IGHJ6
1	0.01	TGTGCGAGTGTAGTTATACGATTTTTGGAGTGGTTATTAGGGAAAATTGACTACTGG	CASVVIRFLEWLLGKIDYW	IGHV4-34	.	IGHJ4
1	0.01	TGTGCGAGAGGTTGGAAGCCCATTATGATTACGTTTGGGGGAGTTATCGGTGATGCTTTTGATATCTGG	CARGWKPIMITFGGVIGDAFDIW	IGHV3-7	.	IGHJ3
1	0.01	TGTGCGAGAGAGGGGGTGAATATGGTTCAGGGAGTTATTATAAGGATCCCCCCTTGGTTCGACCCCTGG	CAREGVNMVQGVIIRIPPWFDPW	IGHV3-7	.	IGHJ5
1	0.01	TGTGTACGCATTGTAGTGGTGGTAGCTGCTACGAGTGGGCGGTTCGACCCCTGG	CVRIVVVVAATSGRFDPW	IGHV3-43	.	IGHJ5
1	0.01	TGTGCACGGCTTTCTGATTACGATATTTTGACTGGGGAACCATACTGGTTCGACCCCTGG	CARLSDYDILTGEPYWFDPW	IGHV2-26	.	IGHJ5
1	0.01	TGTGCGAGAGATACCTTACTATGGTTCAGGGAGTTGACTAATGACTACTGG	CARDTLLWFRELTNDYW	IGHV3-30	.	IGHJ4
1	0.01	TGTGCGAGAGGGATGAGCCTAGCAGCTAAATGTTACAACTGG	CARGMSLAAKCYNW	IGHV4-34	.	IGHJ4
1	0.01	TGTGCGAGACACCTCTTTACTGGTGGTGTATCGACATACGGCTCTTCAAAAGGTGCTTTTGATATCTGG	CARHLFTGGVSTYGSSKGAFDIW	IGHV1-2	.	IGHJ3
1	0.01	TGTGCGAGAGTCGTTGTAGTAGTACCAGCTGCTATGCCTAGTATGTACTACTACTACTACATGGACGTCTGG	CARVVVVVPAAMPSMYYYYYMDVW	IGHV3-20	.	IGHJ6
1	0.01	TGTGCGAGAGCTGTGGTGGTAGCTGCTACAACCTGCTGGTTCGACCCCTGG	CARAVVVAATTCWFDPW	IGHV4-4	.	IGHJ5
1	0.01	TGTGCGAGAGATCTCCTCCCTGATTCTCGGGGCGAAGACCTGGTGGTGTATGCTATCGACTGG	CARDLLPDSRGEDLVVYAIDW	IGHV1-2	.	IGHJ5
1	0.01	TGTGCGAGAAGTGGATATTGTAGTAGTACCAGCTGCTATCATCGGTGCCTTCCTGATGCTTTTGATATCTGG	CARSGYCSSTSCYHRCLPDAFDIW	IGHV5-10-1	.	IGHJ3
1	0.01	TGTGCGAGCACCGACCGAATTACATTTGGGGGGACGATTGACTACTGG	CASTDRITFGGTIDYW	IGHV3-7	.	IGHJ4
1	0.01	TGTGCGAGATCTCGAGGATCTTATGGTTCGGGGAGTGACTTTGACTACTGG	CARSRGSYGSGSDFDYW	IGHV4-39	.	IGHJ4
1	0.01	TGTACTAGAGATCCCCCTACTACGGTGACTAAAGGATTAGACTACTGG	CTRDPPTTVTKGLDYW	IGHV3-49	.	IGHJ4
1	0.01	TGTACCACAGATCTGCTTGCCCTCAACGGACCATCCCCGAGAACGCTGATAGTGGCTACCGGCGCCTACTGG	CTTDLLALNGPSPRTLIVATGAYW	IGHV3-15	.	IGHJ4
1	0.01	TGTGCGAGAAGGAAGTACCAGCTGCTAGGTTATCAACCGGTGTACTACTTTGACTACTGG	CARRKYQLLGYQPVYYFDYW	IGHV3-7	.	IGHJ4
1	0.01	TGTGCGAGACCGCCTCCAGGAAATTGTACTAATGGTGTATGCTATATCGGCTTTGACTACTGG	CARPPPGNCTNGVCYIGFDYW	IGHV3-7	.	IGHJ4
1	0.01	TGTGCGAAAGAGTGCATTAGCGGCTTCCCCCAGTGTTGTAGTGGTGGTAGCTGCTACCGGGAGCGAGATGCTTTTGATATCTGG	CAKECISGFPQCCSGGSCYRERDAFDIW	IGHV3-23	.	IGHJ3
1	0.01	TGTGCGAAAGATAAGTTCCCACGCTGTAATCCTGAGACCCAGATCCGGATAGCAGTGGCTGGATCAGGAAGCGACTACTTTGACTACTGG	CAKDKFPRCNPETQIRIAVAGSGSDYFDYW	IGHV3-NL1	.	IGHJ4
1	0.01	TGTGCGAGAGATCAGCCTATAACTCGACTGTTACGATTTTTGGAGTGGTTATTATACAGGCCGAACTACTACTACTACTACATGGACGTCTGG	CARDQPITRLLRFLEWLLYRPNYYYYYMDVW	IGHV1-69	.	IGHJ6
1	0.01	TGTGCGAGAGACGAGAGTATAGCAGCTCGTCGCCTCCAGCACTGG	CARDESIAARRLQHW	IGHV1-2	.	IGHJ1
1	0.01	TGTGCGAGAGATCGCTATCATGATAGTAGTGGTTATTACCCCAGGGTGATCTGG	CARDRYHDSSGYYPRVIW	IGHV4-59	.	IGHJ3
1	0.01	TGTGCGAGAGATGGTCTTACCTTAACTGGGCTCATTAGCAGTGGCTGGTACAGTACCCACTTTGACTACTGG	CARDGLTLTGLISSGWYSTHFDYW	IGHV7-4-1	.	IGHJ4
1	0.01	TGTGCGAAAATTAGGTACAAATACTGG	CAKIRYKYW	IGHV3-NL1	.	IGHJ4
1	0.01	TGTGTGGTGGGGTATAGCAGTGGCTGGTTCGGGCCGGGCTCCCCAATTGGCTTTGACTACTGG	CVVGYSSGWFGPGSPIGFDYW	IGHV1-3	.	IGHJ4
1	0.01	TGTGCGAGTTTAGGCGTATTACGATTTTTGGAGTGGTTAGGGCTCGGCTTTGACTACTGG	CASLGVLRFLEWLGLGFDYW	IGHV3-21	.	IGHJ4
1	0.01	TGTACCACAGTTCGTATTGTAGTGGTGGTAGCTGCTACATACTGG	CTTVRIVVVVAATYW	IGHV3-15	.	IGHJ4
1	0.01	TGTGCAAGAAGGGTGGCCTACCCGGCAAAGCGCTACTACTACTACTACTACATGGACGTCTGG	CARRVAYPAKRYYYYYYMDVW	IGHV3-13	.	IGHJ6
1	0.01	TGTGCACGGATAGGTCAGCAGCTCGTATTTACCGGTACTTTTGACTACTGG	CARIGQQLVFTGTFDYW	IGHV2-70	.	IGHJ4
1	0.01	TGTGCACACACCACTAATGGTATACCCGGGCTTCGTATTACTATGATAGTAGTGGTTACCGCTTTTGATATCTGG	CAHTTNGIPGLRITMIVVVTAFDIW	IGHV2-5	.	IGHJ3
1	0.01	TGTGCGAGGCTCATTCGTACCAGCTGCTATGGAGGCCATCTGATCTGGTTCGACCCCTGG	CARLIRTSCYGGHLIWFDPW	IGHV4-34	.	IGHJ5
1	0.01	TGTGCGAGCGCAATCTTGGGACGTATTACTATGATAATTTCGTCCCCACCCGAATACTTCCAGCACTGG	CASAILGRITMIISSPPEYFQHW	IGHV4-4	.	IGHJ1
1	0.01	TGTGCGAGAGATACCGATAGCAGCAGCTGGTTATTAAAAATGATGAGGTGGTTCGACCCCTGG	CARDTDSSSWLLKMMRWFDPW	IGHV3-7	.	IGHJ5
1	0.01	TGTGCGAGAGCCCACGATTGTAGTGGTGGTAGCTGCCATGTATACTACTACTACTACATGGACGTCTGG	CARAHDCSGGSCHVYYYYYMDVW	IGHV4-61	.	IGHJ6
1	0.01	TGTGCGAAAGATTTATTACGATTTTTGGAGTGGTTATTATCCGGATATGACTACTGG	CAKDLLRFLEWLLSGYDYW	IGHV3-NL1	.	IGHJ4
1	0.01	TGTGTAATTATTACGATTTTTGGAGTGGTTATTATACTACCTTTCAGGTCCTACTTTGACTACTGG	CVIITIFGVVIILPFRSYFDYW	IGHV3-30-3	.	IGHJ4
1	0.01	TGTACTAGACTATTGGATATTACGATTTTTGGAGTGCCCTGTTACTACTACTACTACATGGACGTCTGG	CTRLLDITIFGVPCYYYYYMDVW	IGHV3-73	.	IGHJ6
1	0.01	TGTGCGAGAGATTGTACTGTCAGGCTATGCCGGAAGATAGTAGTGGTTATTAACGGGGGCAACTGGTTCGACCCCTGG	CARDCTVRLCRKIVVVINGGNWFDPW	IGHV1-2	.	IGHJ5
1	0.01	TGTGCGAGAGATCCCGGTGACTACCAGGATGCTTTTGATATCTGG	CARDPGDYQDAFDIW	IGHV4-59	.	IGHJ3
1	0.01	TGTGCGAGAGCTGGCCGGGGTCATATTGTGGTGGTGACTGCTATGTTTCACTGG	CARAGRGHIVVVTAMFHW	IGHV3-21	.	IGHJ4
1	0.01	TGTGCGAGGGGGGATTGTAGTGGTGGTAGCTGCTACTTTCACTACTACTACTACTACATGGACGTCTGG	CARGDCSGGSCYFHYYYYYMDVW	IGHV3-21	.	IGHJ6
1	0.01	TGTGCACACAGTTACTATGGTTCAGGGAGTGGGCCGCTTTACCCCACCACGCAATACTTATGCCCTGGGGGGGCCGCAGGCTGGGAAAACTGGTTCGACCCCTGG	CAHSYYGSGSGPLYPTTQYLCPGGAAGWENWFDPW	IGHV2-5	.	IGHJ5
1	0.01	TGTGCGAGAGATAGTCACGGTATTGTAGTGGTGGTAGCTGCTACTCCCAACTACTGG	CARDSHGIVVVVAATPNYW	IGHV1-2	.	IGHJ4
1	0.01	TGTGGTTCCCGATACAGCGTTTACTACTTTGACTACTGG	CGSRYSVYYFDYW	IGHV7-4-1	.	IGHJ4
1	0.01	TGTGCGAGGGTTGTAGTGGTGGTAGCTGCTACGAAACGCTACTACTACTACTACTACATGGACGTCTGG	CARVVVVVAATKRYYYYYYMDVW	IGHV3-53	.	IGHJ6
1	0.01	TGTGCGAGATTTAGTTGCCCGATTGTAGTGGTGGTAGCTGCTACGGACAACTGGTTCGACCCCTGG	CARFSCPIVVVVAATDNWFDPW	IGHV1-3	.	IGHJ5
1	0.01	TGTGCGAAAGAAAATTTGGTGGAGTGGCTGGGCTGGTTCGACCCCTGG	CAKENLVEWLGWFDPW	IGHV3-23	.	IGHJ5
1	0.01	TGTGCGAGTATGGTTCAGGGAGTTATTAAGGCGAGGGACTACATGGACGTCTGG	CASMVQGVIKARDYMDVW	IGHV3-21	.	IGHJ6
1	0.01	TGTGCGAGAGGAATGACCCGGGCCCGTGCCCCCAGCTGGGTCTACTGG	CARGMTRARAPSWVYW	IGHV3-11	.	IGHJ4
1	0.01	TGTGCGAGACTGGCCGTAGCAGTGGCTGAGGGGTACACAACCCCGTACTACTTTGACTACTGG	CARLAVAVAEGYTTPYYFDYW	IGHV5-51	.	IGHJ4
1	0.01	TGTACTAGAGATCCCTGCGTAGGATATTGTAGTAGTACCAGCTGCTATGGAATCTCCCCGGACTACTGG	CTRDPCVGYCSSTSCYGISPDYW	IGHV3-49	.	IGHJ4
1	0.01	TGTGCAAGAACGGATAGCAGTGGCTGCTGCCTTGACTACTGG	CARTDSSGCCLDYW	IGHV1-45	.	IGHJ4
1	0.01	TGTGCGAGAGGGACCAATAGCAGTGGCTGCTGCTACTGGTTCCGTCTAGACTACTGG	CARGTNSSGCCYWFRLDYW	IGHV4-61	.	IGHJ4
1	0.01	TGTGCACACAGAAAGCTAACCTGTACGATTTTTGGAGTGGTTTTAGGATACTACTACTACTACATGGACGTCTGG	CAHRKLTCTIFGVVLGYYYYYMDVW	IGHV2-5	.	IGHJ6
1	0.01	TGTGCGGGTGTTCCGCCAGGTATAGCAGCAGCTGAGTATCTAAACCCTGGTTTTTACTACTACTACTACATGGACGTCTGG	CAGVPPGIAAAEYLNPGFYYYYYMDVW	IGHV4-59	.	IGHJ6
1	0.01	TGTGCGAGAGAGACAAAGGATATTGTAGTAGTACCAGCTGCTATGCCTCCGGACTACTGG	CARETKDIVVVPAAMPPDYW	IGHV3-7	.	IGHJ4
1	0.01	TGTGCGAGAACGTTGACCGTACCCCCTGTTATAGGCTTTGACTACTGG	CARTLTVPPVIGFDYW	IGHV4-61	.	IGHJ4
1	0.01	TGTGCGAGAGATCCGAAGGCGCGTGCGTGGAGCTTTGACTACATGGACGTCTGG	CARDPKARAWSFDYMDVW	IGHV1-18	.	IGHJ6
1	0.01	TGTGCGAGTTCGGGTATAGCAGCAGCTGGTACGCGGCGAAAGTTTGACTACTGG	CASSGIAAAGTRRKFDYW	IGHV7-4-1	.	IGHJ4
1	0.01	TGTGCGAGAGATACGAAAACTACCACCAATACTTCTCGTGACTACTGG	CARDTKTTTNTSRDYW	IGHV3-11	.	IGHJ4
1	0.01	TGTGCGAAGACGTGCAGTAGTACCAGTGTCGGGTTATTTGACTACTGG	CAKTCSSTSVGLFDYW	IGHV1-3	.	IGHJ4
1	0.01	TGTGCGAGAGGCTGGACTAGGGGATTCAATAGCAGCTCGTCCTGGGGGGGCTACTGG	CARGWTRGFNSSSSWGGYW	IGHV4-34	.	IGHJ4
1	0.01	TGTGCGAGAGATCGTCCAGTCCTCATATGGTGGATACAGCTATGGGCTCCTTACTACTACTACTACATGGACGTCTGG	CARDRPVLIWWIQLWAPYYYYYMDVW	IGHV1-18	.	IGHJ6
1	0.01	TGTGCGAGGAGTGGGGCAGCTCGTCAAGTTGACTACTGG	CARSGAARQVDYW	IGHV1-2	.	IGHJ4
1	0.01	TGTGCGAGAGTCCCCTGGGGTTCCTGTATAGCAGTGGCTGGTACGGGTCCCACGGCTGACTACTGG	CARVPWGSCIAVAGTGPTADYW	IGHV1-2	.	IGHJ4
1	0.01	TGTGCGAGAGAGTCGGAGTACGATTACCGATTTGACTACTGG	CARESEYDYRFDYW	IGHV1-2	.	IGHJ4
1	0.01	TGTGCGAGAGTGTGCGTGGCTCCGATTGTAGTGGTGGTAGCTGCGGTGTCGTTGATTGACTACTGG	CARVCVAPIVVVVAAVSLIDYW	IGHV3-11	.	IGHJ4
1	0.01	TGTGCGAGACCTTTAGTATTACTATGGTTCAGGGAGATTAGTGTTGACTACTGG	CARPLVLLWFREISVDYW	IGHV4-38-2	.	IGHJ4
1	0.01	TGTCCTAACCTACTGACTACGGTGACTATGGAGAAAAGCTGTGACTACTGG	CPNLLTTVTMEKSCDYW	IGHV3-30-3	.	IGHJ4
1	0.01	TGTGCGAGGGAGTGGCTGGGCTATGGTGACTACTGG	CAREWLGYGDYW	IGHV3-13	.	IGHJ4
